cell_name,cycle_no,step_no,step_name,c_rate,auc_ahv
RD_RateCapability_0001,1,4,CCCV_Chg,0.10000112,47.75808469699997
RD_RateCapability_0001,1,8,CCCV_Chg,0.19999638,45.168225137
RD_RateCapability_0001,1,12,CCCV_Chg,0.2999967066666666,42.73170389349998
RD_RateCapability_0001,1,16,CCCV_Chg,0.3999984,40.606130373999996
RD_RateCapability_0001,1,20,CCCV_Chg,0.4999959933333333,39.027208607500015
RD_RateCapability_0001,1,2,CC_DChg,-0.3332994266666667,103.55379013500003
RD_RateCapability_0001,1,6,CC_DChg,-0.0999660866666666,112.39752250899997
RD_RateCapability_0001,1,10,CC_DChg,-0.1999665933333333,108.88714836549997
RD_RateCapability_0001,1,14,CC_DChg,-0.2999667866666666,106.02816543000002
RD_RateCapability_0001,1,18,CC_DChg,-0.3999661933333333,104.09884210899997
RD_RateCapability_0001,1,22,CC_DChg,-0.49996604,102.51924852549998
RD_RateCapability_0001,2,4,CCCV_Chg,0.10000258,47.901985849499994
RD_RateCapability_0001,2,8,CCCV_Chg,0.1999982266666666,45.55824433199998
RD_RateCapability_0001,2,12,CCCV_Chg,0.2999976666666666,43.32074625550001
RD_RateCapability_0001,2,16,CCCV_Chg,0.3999986066666667,40.88391314449999
RD_RateCapability_0001,2,20,CCCV_Chg,0.4999989666666666,39.20868039800002
RD_RateCapability_0001,2,6,CC_DChg,-0.0999665,112.7438208334999
RD_RateCapability_0001,2,10,CC_DChg,-0.1999661266666666,109.55441816550002
RD_RateCapability_0001,2,14,CC_DChg,-0.2999663933333333,106.55562111000002
RD_RateCapability_0001,2,18,CC_DChg,-0.3999672,104.43032063649997
RD_RateCapability_0001,2,22,CC_DChg,-0.4999660733333333,103.040319035
RD_RateCapability_0001,3,4,CCCV_Chg,0.1000068066666666,48.22952420449998
RD_RateCapability_0001,3,8,CCCV_Chg,0.1999974266666666,45.26087080249998
RD_RateCapability_0001,3,12,CCCV_Chg,0.2999982466666667,43.03518372450002
RD_RateCapability_0001,3,16,CCCV_Chg,0.3999987066666666,40.96392363599999
RD_RateCapability_0001,3,20,CCCV_Chg,0.4999991533333333,39.49252775000002
RD_RateCapability_0001,3,6,CC_DChg,0.0,112.7868980955
RD_RateCapability_0001,3,10,CC_DChg,-0.1999660466666666,108.87538196899999
RD_RateCapability_0001,3,14,CC_DChg,-0.2999667466666667,106.5290110255
RD_RateCapability_0001,3,18,CC_DChg,-0.3999661466666667,104.47941958250003
RD_RateCapability_0001,3,22,CC_DChg,-0.4999661466666666,103.18505382400001
RD_RateCapability_0003,1,4,CCCV_Chg,0.09999792,47.870190597999986
RD_RateCapability_0003,1,8,CCCV_Chg,0.1999990466666666,45.597527528000015
RD_RateCapability_0003,1,12,CCCV_Chg,0.2999975266666667,43.21340479500001
RD_RateCapability_0003,1,16,CCCV_Chg,0.3999983199999999,41.170666536500015
RD_RateCapability_0003,1,20,CCCV_Chg,0.49999654,39.61682545
RD_RateCapability_0003,1,2,CC_DChg,-0.3332993666666667,104.67476638950002
RD_RateCapability_0003,1,6,CC_DChg,-0.09996642,113.43429869399998
RD_RateCapability_0003,1,10,CC_DChg,-0.19996718,109.9843183475
RD_RateCapability_0003,1,14,CC_DChg,-0.2999668533333333,107.16586791350002
RD_RateCapability_0003,1,18,CC_DChg,-0.3999660733333333,105.24894573149999
RD_RateCapability_0003,1,22,CC_DChg,-0.4999668266666667,103.34286538800002
RD_RateCapability_0003,2,4,CCCV_Chg,0.0999979466666666,47.979575567500014
RD_RateCapability_0003,2,8,CCCV_Chg,0.1999973666666666,45.997234544500024
RD_RateCapability_0003,2,12,CCCV_Chg,0.2999971066666667,43.815772779999975
RD_RateCapability_0003,2,16,CCCV_Chg,0.3999986733333333,41.376965277499984
RD_RateCapability_0003,2,20,CCCV_Chg,0.50000036,39.68008011899999
RD_RateCapability_0003,2,6,CC_DChg,-0.09996674,113.74712016449999
RD_RateCapability_0003,2,10,CC_DChg,-0.1999666,110.66495727299997
RD_RateCapability_0003,2,14,CC_DChg,-0.2999672333333333,107.51595030100002
RD_RateCapability_0003,2,18,CC_DChg,-0.39996696,105.429234689
RD_RateCapability_0003,2,22,CC_DChg,-0.4999668399999999,103.71122773550003
RD_RateCapability_0003,3,4,CCCV_Chg,0.0999977599999999,48.340035619499986
RD_RateCapability_0003,3,8,CCCV_Chg,0.2000014533333333,45.7190889425
RD_RateCapability_0003,3,12,CCCV_Chg,0.2999981133333333,43.50243372700001
RD_RateCapability_0003,3,16,CCCV_Chg,0.3999990266666666,41.310825966
RD_RateCapability_0003,3,20,CCCV_Chg,0.4999992466666667,39.72786078600001
RD_RateCapability_0003,3,6,CC_DChg,0.0,113.72565351799994
RD_RateCapability_0003,3,10,CC_DChg,-0.1999671733333333,110.015646046
RD_RateCapability_0003,3,14,CC_DChg,-0.2999669266666666,107.57413321099997
RD_RateCapability_0003,3,18,CC_DChg,-0.39996664,105.51752942250002
RD_RateCapability_0003,3,22,CC_DChg,-0.4999666,103.854456274
RD_RateCapability_0004,1,4,CCCV_Chg,0.1000090466666666,48.53062122250002
RD_RateCapability_0004,1,8,CCCV_Chg,0.1999966466666666,46.09116433
RD_RateCapability_0004,1,12,CCCV_Chg,0.2999997333333333,44.170158040500006
RD_RateCapability_0004,1,16,CCCV_Chg,0.4000048333333333,42.466725971
RD_RateCapability_0004,1,20,CCCV_Chg,0.50000214,41.02204093900002
RD_RateCapability_0004,1,2,CC_DChg,-0.3332996066666666,106.57247068699998
RD_RateCapability_0004,1,6,CC_DChg,-0.0999669733333333,113.66382922749995
RD_RateCapability_0004,1,10,CC_DChg,-0.19996672,110.7309816855
RD_RateCapability_0004,1,14,CC_DChg,-0.2999671933333333,108.62058554599999
RD_RateCapability_0004,1,18,CC_DChg,-0.3999668866666667,107.23717474700003
RD_RateCapability_0004,1,22,CC_DChg,-0.49996644,105.6111491
RD_RateCapability_0004,2,4,CCCV_Chg,0.1000086866666666,48.679482230999994
RD_RateCapability_0004,2,8,CCCV_Chg,0.1999975333333333,46.41037611599997
RD_RateCapability_0004,2,12,CCCV_Chg,0.29999762,44.55693009550002
RD_RateCapability_0004,2,16,CCCV_Chg,0.4000074333333333,42.51194335749997
RD_RateCapability_0004,2,20,CCCV_Chg,0.50000026,40.99550719550003
RD_RateCapability_0004,2,6,CC_DChg,-0.0999668933333333,113.93809333699996
RD_RateCapability_0004,2,10,CC_DChg,-0.1999661666666666,111.22352608899998
RD_RateCapability_0004,2,14,CC_DChg,-0.2999668,108.69702856599996
RD_RateCapability_0004,2,18,CC_DChg,-0.3999667933333333,107.07396010699998
RD_RateCapability_0004,2,22,CC_DChg,-0.4999665533333333,105.63915580699998
RD_RateCapability_0004,3,4,CCCV_Chg,0.1000067666666666,48.95468567249999
RD_RateCapability_0004,3,8,CCCV_Chg,0.2000000266666666,46.138230283999974
RD_RateCapability_0004,3,12,CCCV_Chg,0.30000204,44.29814096299998
RD_RateCapability_0004,3,16,CCCV_Chg,0.4000129866666667,42.388632753999985
RD_RateCapability_0004,3,20,CCCV_Chg,0.500008,40.96299091450001
RD_RateCapability_0004,3,6,CC_DChg,0.0,113.89545822249995
RD_RateCapability_0004,3,10,CC_DChg,-0.1999660666666666,110.62753688349999
RD_RateCapability_0004,3,14,CC_DChg,-0.2999670933333333,108.69330099349999
RD_RateCapability_0004,3,18,CC_DChg,0.0,107.139185853
RD_RateCapability_0004,3,22,CC_DChg,-0.4999665799999999,105.52422563649998
RD_RateCapability_0007,1,4,CCCV_Chg,0.1000021733333333,46.00804320000004
RD_RateCapability_0007,1,8,CCCV_Chg,0.2000050733333333,42.9277450205
RD_RateCapability_0007,1,12,CCCV_Chg,0.2999962,40.55731228249998
RD_RateCapability_0007,1,16,CCCV_Chg,0.40001228,38.510132711500006
RD_RateCapability_0007,1,20,CCCV_Chg,0.5000074133333334,37.33578114250001
RD_RateCapability_0007,1,2,CC_DChg,-0.3332994333333333,99.93084597050003
RD_RateCapability_0007,1,6,CC_DChg,-0.09996616,109.03766818700004
RD_RateCapability_0007,1,10,CC_DChg,-0.19996674,105.4226425445
RD_RateCapability_0007,1,14,CC_DChg,-0.2999667466666667,102.52502783149997
RD_RateCapability_0007,1,18,CC_DChg,-0.3999669799999999,100.85743274300002
RD_RateCapability_0007,1,22,CC_DChg,0.0,99.6281440345
RD_RateCapability_0007,2,4,CCCV_Chg,0.10000252,46.199805612500015
RD_RateCapability_0007,2,8,CCCV_Chg,0.1999957133333333,43.433352584499985
RD_RateCapability_0007,2,12,CCCV_Chg,0.2999982,41.450518665000025
RD_RateCapability_0007,2,16,CCCV_Chg,0.3999968866666666,38.97284850850002
RD_RateCapability_0007,2,20,CCCV_Chg,0.5000195533333334,37.454052186500014
RD_RateCapability_0007,2,6,CC_DChg,-0.0999666933333333,109.49591234650002
RD_RateCapability_0007,2,10,CC_DChg,-0.1999670866666666,106.22218532450003
RD_RateCapability_0007,2,14,CC_DChg,-0.29996702,103.677691941
RD_RateCapability_0007,2,18,CC_DChg,-0.3999669466666666,100.93215334549997
RD_RateCapability_0007,2,22,CC_DChg,-0.4999666,99.45312004149999
RD_RateCapability_0007,3,4,CCCV_Chg,0.1000047666666666,46.57126956
RD_RateCapability_0007,3,8,CCCV_Chg,0.2000161266666666,43.103839589500005
RD_RateCapability_0007,3,12,CCCV_Chg,0.2999969466666666,40.62545216700002
RD_RateCapability_0007,3,16,CCCV_Chg,0.4000048333333333,39.131857600999986
RD_RateCapability_0007,3,20,CCCV_Chg,0.4999966133333333,37.22103967149999
RD_RateCapability_0007,3,6,CC_DChg,0.0,109.61454743500005
RD_RateCapability_0007,3,10,CC_DChg,-0.19996662,105.31839414050003
RD_RateCapability_0007,3,14,CC_DChg,-0.2999666533333333,103.02526108699996
RD_RateCapability_0007,3,18,CC_DChg,-0.3999669466666666,100.60886574300002
RD_RateCapability_0007,3,22,CC_DChg,0.0,99.67678604
RD_RateCapability_0011,1,4,CCCV_Chg,0.09999842,48.09562806400001
RD_RateCapability_0011,1,8,CCCV_Chg,0.1999957466666666,45.810217019
RD_RateCapability_0011,1,12,CCCV_Chg,0.29999846,43.49098893300001
RD_RateCapability_0011,1,16,CCCV_Chg,0.3999961266666667,41.55877372349999
RD_RateCapability_0011,1,20,CCCV_Chg,0.4999958,40.106576353499975
RD_RateCapability_0011,1,2,CC_DChg,-0.33330022,105.30171909049999
RD_RateCapability_0011,1,6,CC_DChg,-0.0999667933333333,113.487987603
RD_RateCapability_0011,1,10,CC_DChg,-0.1999667333333333,110.1546785415
RD_RateCapability_0011,1,14,CC_DChg,-0.2999671266666667,107.43277358599997
RD_RateCapability_0011,1,18,CC_DChg,-0.39996726,105.66775772250001
RD_RateCapability_0011,1,22,CC_DChg,-0.4999667533333333,104.02791418099997
RD_RateCapability_0011,2,4,CCCV_Chg,0.1000031933333333,48.22820960650001
RD_RateCapability_0011,2,8,CCCV_Chg,0.19999848,46.27617426550003
RD_RateCapability_0011,2,12,CCCV_Chg,0.2999954666666666,44.192308225000005
RD_RateCapability_0011,2,16,CCCV_Chg,0.3999955799999999,41.759356957499996
RD_RateCapability_0011,2,20,CCCV_Chg,0.4999993266666667,40.15031596750002
RD_RateCapability_0011,2,6,CC_DChg,-0.0999671533333333,113.835762086
RD_RateCapability_0011,2,10,CC_DChg,-0.1999670266666666,110.90172511799999
RD_RateCapability_0011,2,14,CC_DChg,-0.29996692,107.79097182750002
RD_RateCapability_0011,2,18,CC_DChg,-0.39996726,105.79757720800002
RD_RateCapability_0011,2,22,CC_DChg,-0.4999664,104.45385476200002
RD_RateCapability_0011,3,4,CCCV_Chg,0.1000008666666666,48.64474117699998
RD_RateCapability_0011,3,8,CCCV_Chg,0.19999588,45.93868933250001
RD_RateCapability_0011,3,12,CCCV_Chg,0.2999963066666666,43.81714278050003
RD_RateCapability_0011,3,16,CCCV_Chg,0.3999953,41.6564633585
RD_RateCapability_0011,3,20,CCCV_Chg,0.4999955133333333,40.37433363149999
RD_RateCapability_0011,3,6,CC_DChg,0.0,113.79010697000002
RD_RateCapability_0011,3,10,CC_DChg,-0.1999662,110.11526065299999
RD_RateCapability_0011,3,14,CC_DChg,-0.2999661066666667,107.8936254975
RD_RateCapability_0011,3,18,CC_DChg,0.0,106.05528936549997
RD_RateCapability_0011,3,22,CC_DChg,-0.4999665133333333,104.5548884365
RD_RateCapability_0012,1,4,CCCV_Chg,0.09999798,47.234421907999995
RD_RateCapability_0012,1,8,CCCV_Chg,0.2000007,44.94939250350002
RD_RateCapability_0012,1,12,CCCV_Chg,0.3000093466666667,42.88460828300002
RD_RateCapability_0012,1,16,CCCV_Chg,0.4000188066666666,40.88580602049996
RD_RateCapability_0012,1,20,CCCV_Chg,0.4999988333333333,39.55822453899998
RD_RateCapability_0012,1,2,CC_DChg,-0.33329986,102.12241645949999
RD_RateCapability_0012,1,6,CC_DChg,-0.0999673133333333,109.87843545900002
RD_RateCapability_0012,1,10,CC_DChg,-0.19996644,106.83814006850001
RD_RateCapability_0012,1,14,CC_DChg,-0.2999668,104.16378447750004
RD_RateCapability_0012,1,18,CC_DChg,-0.3999667133333333,102.45532896649999
RD_RateCapability_0012,1,22,CC_DChg,0.0,101.19337045599998
RD_RateCapability_0012,2,4,CCCV_Chg,0.0999974666666666,47.334360094000004
RD_RateCapability_0012,2,8,CCCV_Chg,0.1999984466666666,45.181283951500006
RD_RateCapability_0012,2,12,CCCV_Chg,0.30001054,43.3661904045
RD_RateCapability_0012,2,16,CCCV_Chg,0.39999556,41.07760269849997
RD_RateCapability_0012,2,20,CCCV_Chg,0.5000223866666667,39.50088525200002
RD_RateCapability_0012,2,6,CC_DChg,-0.0999667066666666,110.26647504749998
RD_RateCapability_0012,2,10,CC_DChg,-0.1999665266666666,107.37619779200001
RD_RateCapability_0012,2,14,CC_DChg,-0.2999664733333333,104.9690816855
RD_RateCapability_0012,2,18,CC_DChg,-0.3999667266666666,102.44119097499998
RD_RateCapability_0012,2,22,CC_DChg,-0.4999668399999999,100.88523484299996
RD_RateCapability_0012,3,4,CCCV_Chg,0.1000026866666666,47.5841352525
RD_RateCapability_0012,3,8,CCCV_Chg,0.2000042,44.95465775499997
RD_RateCapability_0012,3,12,CCCV_Chg,0.300012,42.7933450055
RD_RateCapability_0012,3,16,CCCV_Chg,0.3999963333333333,41.132583217000025
RD_RateCapability_0012,3,20,CCCV_Chg,0.4999964066666666,39.432487649000024
RD_RateCapability_0012,3,6,CC_DChg,0.0,110.34731880400004
RD_RateCapability_0012,3,10,CC_DChg,-0.1999672,106.78714865649998
RD_RateCapability_0012,3,14,CC_DChg,-0.2999673266666667,104.51284491750003
RD_RateCapability_0012,3,18,CC_DChg,-0.3999664133333333,102.29538262349999
RD_RateCapability_0012,3,22,CC_DChg,0.0,101.18630589649997
RD_RateCapability_0025,1,4,CCCV_Chg,0.1000012933333333,47.61055081949999
RD_RateCapability_0025,1,8,CCCV_Chg,0.2000046133333333,45.122304764999996
RD_RateCapability_0025,1,12,CCCV_Chg,0.30000928,42.91077783
RD_RateCapability_0025,1,16,CCCV_Chg,0.4000114,40.85035366900002
RD_RateCapability_0025,1,20,CCCV_Chg,0.5000374866666667,39.360896677000014
RD_RateCapability_0025,1,2,CC_DChg,-0.3333002399999999,103.12885998199998
RD_RateCapability_0025,1,6,CC_DChg,-0.0999662466666666,111.28424517199997
RD_RateCapability_0025,1,10,CC_DChg,-0.1999669333333333,108.17761718800001
RD_RateCapability_0025,1,14,CC_DChg,-0.2999667066666666,105.4872511175
RD_RateCapability_0025,1,18,CC_DChg,-0.3999672733333334,103.79269933450001
RD_RateCapability_0025,1,22,CC_DChg,0.0,102.37232673549997
RD_RateCapability_0025,2,4,CCCV_Chg,0.10000098,47.8017795045
RD_RateCapability_0025,2,8,CCCV_Chg,0.1999958666666666,45.385471554000034
RD_RateCapability_0025,2,12,CCCV_Chg,0.2999986133333333,43.3123102015
RD_RateCapability_0025,2,16,CCCV_Chg,0.4000252466666666,40.81826040150001
RD_RateCapability_0025,2,20,CCCV_Chg,0.4999974199999999,39.148875253
RD_RateCapability_0025,2,6,CC_DChg,-0.0999669466666666,111.6646745215
RD_RateCapability_0025,2,10,CC_DChg,-0.1999663466666666,108.70390392600005
RD_RateCapability_0025,2,14,CC_DChg,-0.2999660266666666,105.95446359249996
RD_RateCapability_0025,2,18,CC_DChg,-0.3999668533333333,103.70744987150003
RD_RateCapability_0025,2,22,CC_DChg,-0.4999664199999999,101.99012950500001
RD_RateCapability_0025,3,4,CCCV_Chg,0.1000110066666666,48.0579883475
RD_RateCapability_0025,3,8,CCCV_Chg,0.20000176,45.2223980265
RD_RateCapability_0025,3,12,CCCV_Chg,0.30000264,42.96221341550003
RD_RateCapability_0025,3,16,CCCV_Chg,0.4000011933333333,41.03886639900001
RD_RateCapability_0025,3,20,CCCV_Chg,0.50000308,39.55705605499999
RD_RateCapability_0025,3,6,CC_DChg,0.0,111.91011132299991
RD_RateCapability_0025,3,10,CC_DChg,-0.1999664,108.23788502699993
RD_RateCapability_0025,3,14,CC_DChg,-0.2999667533333333,105.85427933200003
RD_RateCapability_0025,3,18,CC_DChg,-0.39996676,103.77648288299996
RD_RateCapability_0025,3,22,CC_DChg,-0.4999671799999999,102.32742449499999
RD_RateCapability_0034,1,4,CCCV_Chg,0.1000025333333333,46.466581921499966
RD_RateCapability_0034,1,8,CCCV_Chg,0.1999987066666666,43.567474797500005
RD_RateCapability_0034,1,12,CCCV_Chg,0.3000026,40.79806790199998
RD_RateCapability_0034,1,16,CCCV_Chg,0.4000044533333333,38.47059860349998
RD_RateCapability_0034,1,20,CCCV_Chg,0.49999872,36.85726860199995
RD_RateCapability_0034,1,2,CC_DChg,-0.3332996866666667,100.31591554849997
RD_RateCapability_0034,1,6,CC_DChg,-0.0999669733333333,110.85822185050003
RD_RateCapability_0034,1,10,CC_DChg,-0.1999672466666666,106.808016871
RD_RateCapability_0034,1,14,CC_DChg,-0.29996714,103.45575872450003
RD_RateCapability_0034,1,18,CC_DChg,-0.3999665733333333,101.27129242349999
RD_RateCapability_0034,1,22,CC_DChg,-0.49996638,99.273756898
RD_RateCapability_0034,2,4,CCCV_Chg,0.0999997266666666,46.60309567499999
RD_RateCapability_0034,2,8,CCCV_Chg,0.1999980333333333,44.116619725499994
RD_RateCapability_0034,2,12,CCCV_Chg,0.30000076,41.60103347999997
RD_RateCapability_0034,2,16,CCCV_Chg,0.3999977466666666,38.57399269800002
RD_RateCapability_0034,2,20,CCCV_Chg,0.5000242466666667,36.64548169599999
RD_RateCapability_0034,2,6,CC_DChg,-0.0999667666666666,111.28194922950001
RD_RateCapability_0034,2,10,CC_DChg,-0.19996682,107.66686999749999
RD_RateCapability_0034,2,14,CC_DChg,-0.2999665933333333,103.91229518549999
RD_RateCapability_0034,2,18,CC_DChg,-0.3999662466666667,101.26499025449996
RD_RateCapability_0034,2,22,CC_DChg,-0.4999664466666667,99.57193438600002
RD_RateCapability_0034,3,4,CCCV_Chg,0.1000054933333333,47.077609200499985
RD_RateCapability_0034,3,8,CCCV_Chg,0.1999957533333333,43.92882535800003
RD_RateCapability_0034,3,12,CCCV_Chg,0.2999962933333333,41.27015237949997
RD_RateCapability_0034,3,16,CCCV_Chg,0.4000006733333333,38.93005778950002
RD_RateCapability_0034,3,20,CCCV_Chg,0.4999970866666666,37.30045237600002
RD_RateCapability_0034,3,6,CC_DChg,0.0,111.4332778615
RD_RateCapability_0034,3,10,CC_DChg,-0.1999666133333333,106.96180964799996
RD_RateCapability_0034,3,14,CC_DChg,-0.2999672333333333,104.06763233449996
RD_RateCapability_0034,3,18,CC_DChg,-0.39996726,101.60006593399999
RD_RateCapability_0034,3,22,CC_DChg,-0.4999666733333333,100.24154960050002
RD_RateCapability_0040,1,4,CCCV_Chg,0.10000144,49.79195627799997
RD_RateCapability_0040,1,8,CCCV_Chg,0.20000054,46.957492339499986
RD_RateCapability_0040,1,12,CCCV_Chg,0.30002504,44.61393140299999
RD_RateCapability_0040,1,16,CCCV_Chg,0.4000186866666667,42.67614583299999
RD_RateCapability_0040,1,20,CCCV_Chg,0.5000159866666667,41.23519068550002
RD_RateCapability_0040,1,2,CC_DChg,-0.3332994066666667,103.42951814650002
RD_RateCapability_0040,1,6,CC_DChg,-0.0999663933333333,110.69068595449998
RD_RateCapability_0040,1,10,CC_DChg,-0.1999666733333333,108.20308743049996
RD_RateCapability_0040,1,14,CC_DChg,-0.2999661666666667,105.76153347450001
RD_RateCapability_0040,1,18,CC_DChg,-0.3999661,104.11150283349998
RD_RateCapability_0040,1,22,CC_DChg,-0.4999665333333333,102.4617533605
RD_RateCapability_0040,2,4,CCCV_Chg,0.1000020133333333,49.905718614999984
RD_RateCapability_0040,2,8,CCCV_Chg,0.20000094,47.35339022149998
RD_RateCapability_0040,2,12,CCCV_Chg,0.3000064066666666,45.17674135300004
RD_RateCapability_0040,2,16,CCCV_Chg,0.40000088,42.73486824199998
RD_RateCapability_0040,2,20,CCCV_Chg,0.5000217533333333,41.06227723000001
RD_RateCapability_0040,2,6,CC_DChg,-0.0999669,110.94948363449986
RD_RateCapability_0040,2,10,CC_DChg,-0.1999668533333333,108.73550006049999
RD_RateCapability_0040,2,14,CC_DChg,-0.2999665333333333,106.03968670450004
RD_RateCapability_0040,2,18,CC_DChg,-0.3999668266666666,104.09443743399999
RD_RateCapability_0040,2,22,CC_DChg,-0.4999669933333333,102.40280856199999
RD_RateCapability_0040,3,4,CCCV_Chg,0.1000057666666666,50.181293737
RD_RateCapability_0040,3,8,CCCV_Chg,0.1999990066666666,47.08888464850002
RD_RateCapability_0040,3,12,CCCV_Chg,0.30003058,44.76594096649998
RD_RateCapability_0040,3,16,CCCV_Chg,0.4000237399999999,42.55187212749999
RD_RateCapability_0040,3,20,CCCV_Chg,0.5000469666666667,41.08672696799997
RD_RateCapability_0040,3,6,CC_DChg,0.0,110.95770599999994
RD_RateCapability_0040,3,10,CC_DChg,-0.19996728,108.12654193950002
RD_RateCapability_0040,3,14,CC_DChg,-0.2999669066666666,105.91490767649996
RD_RateCapability_0040,3,18,CC_DChg,-0.3999664066666666,104.08389769000001
RD_RateCapability_0040,3,22,CC_DChg,-0.49996694,102.46515689149999
RD_RateCapability_0043,1,4,CCCV_Chg,0.0999995666666666,48.14649188000001
RD_RateCapability_0043,1,8,CCCV_Chg,0.19999612,45.68461293399997
RD_RateCapability_0043,1,12,CCCV_Chg,0.2999961066666666,43.02273991050002
RD_RateCapability_0043,1,16,CCCV_Chg,0.40000026,40.67105313299997
RD_RateCapability_0043,1,20,CCCV_Chg,0.4999962466666666,38.716428832999966
RD_RateCapability_0043,1,2,CC_DChg,-0.33330038,105.027162698
RD_RateCapability_0043,1,6,CC_DChg,-0.0999672066666666,114.4854888515
RD_RateCapability_0043,1,10,CC_DChg,-0.1999668866666666,110.80841351250001
RD_RateCapability_0043,1,14,CC_DChg,-0.2999664466666666,107.55580724650001
RD_RateCapability_0043,1,18,CC_DChg,-0.3999661933333333,105.34496203100004
RD_RateCapability_0043,1,22,CC_DChg,-0.4999664066666667,102.90998856350002
RD_RateCapability_0043,2,4,CCCV_Chg,0.0999985266666666,48.20677949949997
RD_RateCapability_0043,2,8,CCCV_Chg,0.1999961866666667,46.230917745
RD_RateCapability_0043,2,12,CCCV_Chg,0.29999538,43.79338659350001
RD_RateCapability_0043,2,16,CCCV_Chg,0.4000174666666666,40.80125038000002
RD_RateCapability_0043,2,20,CCCV_Chg,0.4999978866666667,38.68382258049998
RD_RateCapability_0043,2,6,CC_DChg,-0.09996612,114.7830096015
RD_RateCapability_0043,2,10,CC_DChg,-0.1999673066666666,111.52067025300003
RD_RateCapability_0043,2,14,CC_DChg,-0.29996604,107.89784302650003
RD_RateCapability_0043,2,18,CC_DChg,-0.3999668133333333,105.3206519645
RD_RateCapability_0043,2,22,CC_DChg,-0.49996628,103.89072029100002
RD_RateCapability_0043,3,4,CCCV_Chg,0.1008952733333333,48.782732657
RD_RateCapability_0043,3,8,CCCV_Chg,0.1999961866666667,45.872739791999976
RD_RateCapability_0043,3,12,CCCV_Chg,0.3000166266666667,43.46420336700002
RD_RateCapability_0043,3,16,CCCV_Chg,0.39999552,40.81162018199998
RD_RateCapability_0043,3,20,CCCV_Chg,0.5000030333333334,39.14311658199999
RD_RateCapability_0043,3,6,CC_DChg,0.0,114.65555745900001
RD_RateCapability_0043,3,10,CC_DChg,-0.1999669933333333,110.81424112250002
RD_RateCapability_0043,3,14,CC_DChg,-0.2999667666666666,107.94488616699999
RD_RateCapability_0043,3,18,CC_DChg,0.0,105.62850479100003
RD_RateCapability_0043,3,22,CC_DChg,-0.4999670599999999,104.00062546799998
RD_RateCapability_0046,1,4,CCCV_Chg,0.0999975666666666,48.85309059899999
RD_RateCapability_0046,1,8,CCCV_Chg,0.20000156,46.59773126149999
RD_RateCapability_0046,1,12,CCCV_Chg,0.2999998533333333,44.42603804399998
RD_RateCapability_0046,1,16,CCCV_Chg,0.40001258,42.375596632000025
RD_RateCapability_0046,1,20,CCCV_Chg,0.5000306466666667,40.72657359749997
RD_RateCapability_0046,1,2,CC_DChg,-0.3333002866666666,106.52180924750002
RD_RateCapability_0046,1,6,CC_DChg,-0.0999662866666666,114.85607227549995
RD_RateCapability_0046,1,10,CC_DChg,-0.1999660933333333,111.8348978445
RD_RateCapability_0046,1,14,CC_DChg,-0.2999660333333333,109.08326028299997
RD_RateCapability_0046,1,18,CC_DChg,-0.3999669066666667,107.06604635350001
RD_RateCapability_0046,1,22,CC_DChg,-0.4999664866666666,105.08076021999996
RD_RateCapability_0046,2,4,CCCV_Chg,0.0999987066666666,48.83647180449997
RD_RateCapability_0046,2,8,CCCV_Chg,0.199998,46.95494702299999
RD_RateCapability_0046,2,12,CCCV_Chg,0.2999957066666666,44.89966857449997
RD_RateCapability_0046,2,16,CCCV_Chg,0.4000013866666667,42.42151066249998
RD_RateCapability_0046,2,20,CCCV_Chg,0.5000428733333334,40.650612754999976
RD_RateCapability_0046,2,6,CC_DChg,-0.0999673066666666,115.02682281399997
RD_RateCapability_0046,2,10,CC_DChg,-0.19996678,112.20578858549999
RD_RateCapability_0046,2,14,CC_DChg,-0.2999666333333333,109.17994606150003
RD_RateCapability_0046,2,18,CC_DChg,-0.3999663066666666,107.00952522250002
RD_RateCapability_0046,2,22,CC_DChg,-0.49996612,105.70874850299995
RD_RateCapability_0046,3,4,CCCV_Chg,0.1000104066666666,49.326223877500006
RD_RateCapability_0046,3,8,CCCV_Chg,0.2000018,46.7758433095
RD_RateCapability_0046,3,12,CCCV_Chg,0.3000051999999999,44.82059916749997
RD_RateCapability_0046,3,16,CCCV_Chg,0.4000143933333333,42.642303125
RD_RateCapability_0046,3,20,CCCV_Chg,0.5000075599999999,41.22043909549997
RD_RateCapability_0046,3,6,CC_DChg,0.0,114.99751855399997
RD_RateCapability_0046,3,10,CC_DChg,-0.1999664466666666,111.84022507750001
RD_RateCapability_0046,3,14,CC_DChg,-0.2999664066666667,109.48595269349994
RD_RateCapability_0046,3,18,CC_DChg,0.0,107.587083765
RD_RateCapability_0046,3,22,CC_DChg,-0.4999668466666666,105.99219550099997
RD_RateCapability_0049,1,4,CCCV_Chg,0.0999988,46.74015185100001
RD_RateCapability_0049,1,8,CCCV_Chg,0.19999652,43.70220256599999
RD_RateCapability_0049,1,12,CCCV_Chg,0.30000054,41.407211934000024
RD_RateCapability_0049,1,16,CCCV_Chg,0.39999638,39.36592281800004
RD_RateCapability_0049,1,20,CCCV_Chg,0.4999958333333333,37.947237769500006
RD_RateCapability_0049,1,2,CC_DChg,-0.33330036,101.64524950500002
RD_RateCapability_0049,1,6,CC_DChg,-0.0999672733333333,110.42811280850002
RD_RateCapability_0049,1,10,CC_DChg,-0.19996612,107.04214959000001
RD_RateCapability_0049,1,14,CC_DChg,-0.2999661666666667,104.22795160949998
RD_RateCapability_0049,1,18,CC_DChg,-0.39996682,102.34697951649997
RD_RateCapability_0049,1,22,CC_DChg,0.0,100.73410709700002
RD_RateCapability_0049,2,4,CCCV_Chg,0.1000052666666666,46.920172349999994
RD_RateCapability_0049,2,8,CCCV_Chg,0.1999964199999999,44.202845879999984
RD_RateCapability_0049,2,12,CCCV_Chg,0.2999964933333333,42.00977193799997
RD_RateCapability_0049,2,16,CCCV_Chg,0.3999957666666666,39.676184852999995
RD_RateCapability_0049,2,20,CCCV_Chg,0.4999953266666666,37.999657787999986
RD_RateCapability_0049,2,6,CC_DChg,-0.09996722,110.89666886900002
RD_RateCapability_0049,2,10,CC_DChg,-0.1999661933333333,107.69956452249998
RD_RateCapability_0049,2,14,CC_DChg,-0.29996614,104.92269058599999
RD_RateCapability_0049,2,18,CC_DChg,-0.39996634,102.50691123349998
RD_RateCapability_0049,2,22,CC_DChg,-0.4999669133333333,100.6848562645
RD_RateCapability_0049,3,4,CCCV_Chg,0.0999976733333333,47.18909578950004
RD_RateCapability_0049,3,8,CCCV_Chg,0.2000004933333333,43.84824520100002
RD_RateCapability_0049,3,12,CCCV_Chg,0.3000002066666666,41.53833627799999
RD_RateCapability_0049,3,16,CCCV_Chg,0.39999566,39.87713281599999
RD_RateCapability_0049,3,20,CCCV_Chg,0.5000016866666667,38.12931730750001
RD_RateCapability_0049,3,6,CC_DChg,0.0,111.03055914450003
RD_RateCapability_0049,3,10,CC_DChg,-0.19996662,107.007211138
RD_RateCapability_0049,3,14,CC_DChg,-0.29996662,104.75202608800004
RD_RateCapability_0049,3,18,CC_DChg,-0.3999670333333333,102.05737873350003
RD_RateCapability_0049,3,22,CC_DChg,0.0,100.956074038
RD_RateCapability_0050,1,4,CCCV_Chg,0.1000016866666666,46.9581156715
RD_RateCapability_0050,1,8,CCCV_Chg,0.19999632,44.24807022150001
RD_RateCapability_0050,1,12,CCCV_Chg,0.2999969866666666,42.25184464700001
RD_RateCapability_0050,1,16,CCCV_Chg,0.3999960266666666,40.56490239049998
RD_RateCapability_0050,1,20,CCCV_Chg,0.50000064,39.44487622850003
RD_RateCapability_0050,1,2,CC_DChg,-0.3332998,101.44844181000003
RD_RateCapability_0050,1,6,CC_DChg,-0.0999662133333333,108.65530705749991
RD_RateCapability_0050,1,10,CC_DChg,-0.1999664533333333,105.7872399535001
RD_RateCapability_0050,1,14,CC_DChg,-0.29996622,103.62152989399999
RD_RateCapability_0050,1,18,CC_DChg,-0.3999669133333333,102.30556905950003
RD_RateCapability_0050,1,22,CC_DChg,0.0,101.20430243450004
RD_RateCapability_0050,2,4,CCCV_Chg,0.10001524,47.02832564999998
RD_RateCapability_0050,2,8,CCCV_Chg,0.1999957466666666,44.499914343499995
RD_RateCapability_0050,2,12,CCCV_Chg,0.3000006133333333,42.72655104249998
RD_RateCapability_0050,2,16,CCCV_Chg,0.3999962933333333,40.894782121999974
RD_RateCapability_0050,2,20,CCCV_Chg,0.4999979133333333,39.511273599500015
RD_RateCapability_0050,2,6,CC_DChg,-0.0999663066666666,109.092152168
RD_RateCapability_0050,2,10,CC_DChg,-0.1999672666666666,106.35815189750015
RD_RateCapability_0050,2,14,CC_DChg,-0.29996624,104.33434360050003
RD_RateCapability_0050,2,18,CC_DChg,-0.39996706,102.499165076
RD_RateCapability_0050,2,22,CC_DChg,-0.4999660933333333,101.19047621399997
RD_RateCapability_0050,3,4,CCCV_Chg,0.1000002133333333,47.258698423
RD_RateCapability_0050,3,8,CCCV_Chg,0.2000069133333333,44.32607929949998
RD_RateCapability_0050,3,12,CCCV_Chg,0.2999955666666666,42.29188776399999
RD_RateCapability_0050,3,16,CCCV_Chg,0.3999976733333333,40.972691229999974
RD_RateCapability_0050,3,20,CCCV_Chg,0.49999658,39.34929956499997
RD_RateCapability_0050,3,6,CC_DChg,0.0,109.25310682649999
RD_RateCapability_0050,3,10,CC_DChg,-0.1999663066666666,105.92356594550009
RD_RateCapability_0050,3,14,CC_DChg,-0.2999672266666666,103.95364065500006
RD_RateCapability_0050,3,18,CC_DChg,-0.3999671333333333,102.5869260475
RD_RateCapability_0050,3,22,CC_DChg,-0.4999662399999999,101.43218163650003
RD_RateCapability_0056,1,4,CCCV_Chg,0.09999904,47.948408705999995
RD_RateCapability_0056,1,8,CCCV_Chg,0.1999991066666666,45.76437680999998
RD_RateCapability_0056,1,12,CCCV_Chg,0.3000056933333333,43.35786108799998
RD_RateCapability_0056,1,16,CCCV_Chg,0.39999622,41.34462508750003
RD_RateCapability_0056,1,20,CCCV_Chg,0.4999961866666666,40.53373235600005
RD_RateCapability_0056,1,2,CC_DChg,-0.33329988,104.4084745125
RD_RateCapability_0056,1,6,CC_DChg,-0.0999667466666666,113.43285994850004
RD_RateCapability_0056,1,10,CC_DChg,-0.1999672066666666,109.92804945700001
RD_RateCapability_0056,1,14,CC_DChg,-0.2999671933333333,107.1224402245
RD_RateCapability_0056,1,18,CC_DChg,-0.3999671533333333,105.33630211099997
RD_RateCapability_0056,1,22,CC_DChg,-0.4999668799999999,102.61312090649999
RD_RateCapability_0056,2,4,CCCV_Chg,0.1000326199999999,48.02191759449999
RD_RateCapability_0056,2,8,CCCV_Chg,0.19999802,46.1836009545
RD_RateCapability_0056,2,12,CCCV_Chg,0.2999990333333333,43.57917267450001
RD_RateCapability_0056,2,16,CCCV_Chg,0.4000025,41.08065770149997
RD_RateCapability_0056,2,20,CCCV_Chg,0.5000146333333333,39.31278709400002
RD_RateCapability_0056,2,6,CC_DChg,-0.0999664266666666,113.87061717350005
RD_RateCapability_0056,2,10,CC_DChg,0.0,110.4706532595
RD_RateCapability_0056,2,14,CC_DChg,-0.2999673133333333,106.76028827450001
RD_RateCapability_0056,2,18,CC_DChg,-0.3999661066666667,104.65485256550001
RD_RateCapability_0056,2,22,CC_DChg,-0.4999672333333333,102.74297148649997
RD_RateCapability_0056,3,4,CCCV_Chg,0.0999994199999999,47.98532357799997
RD_RateCapability_0056,3,8,CCCV_Chg,0.1999958333333333,46.178198834000014
RD_RateCapability_0056,3,12,CCCV_Chg,0.2999956266666667,43.70464379850001
RD_RateCapability_0056,3,16,CCCV_Chg,0.3999954933333333,41.62027219900003
RD_RateCapability_0056,3,20,CCCV_Chg,0.4999957933333333,39.75282002450001
RD_RateCapability_0056,3,6,CC_DChg,0.0,114.01780830749995
RD_RateCapability_0056,3,10,CC_DChg,-0.19996728,110.03949059050001
RD_RateCapability_0056,3,14,CC_DChg,-0.2999661733333333,107.58817133599996
RD_RateCapability_0056,3,18,CC_DChg,-0.3999663466666666,105.13212879950001
RD_RateCapability_0056,3,22,CC_DChg,-0.49996732,103.286542852
RD_RateCapability_0057,1,4,CCCV_Chg,0.0999987066666666,46.86279040149998
RD_RateCapability_0057,1,8,CCCV_Chg,0.20000054,44.04756420449998
RD_RateCapability_0057,1,12,CCCV_Chg,0.2999964866666667,41.96846791199998
RD_RateCapability_0057,1,16,CCCV_Chg,0.4000016733333333,40.083847906500026
RD_RateCapability_0057,1,20,CCCV_Chg,0.50003538,38.798073943500015
RD_RateCapability_0057,1,2,CC_DChg,-0.3332993666666667,100.228094602
RD_RateCapability_0057,1,6,CC_DChg,-0.0999664666666666,107.99640098100006
RD_RateCapability_0057,1,10,CC_DChg,-0.1999664,105.0262027055
RD_RateCapability_0057,1,14,CC_DChg,-0.2999665733333333,102.64628811700001
RD_RateCapability_0057,1,18,CC_DChg,-0.39996636,101.00868727600002
RD_RateCapability_0057,1,22,CC_DChg,0.0,99.741094645
RD_RateCapability_0057,2,4,CCCV_Chg,0.10000212,46.93595828349999
RD_RateCapability_0057,2,8,CCCV_Chg,0.1999958333333333,44.25888857949998
RD_RateCapability_0057,2,12,CCCV_Chg,0.3000136533333333,42.445099779999985
RD_RateCapability_0057,2,16,CCCV_Chg,0.4000065733333333,40.30893844900001
RD_RateCapability_0057,2,20,CCCV_Chg,0.49999966,38.66369059250004
RD_RateCapability_0057,2,6,CC_DChg,-0.0999664466666666,108.40167872650002
RD_RateCapability_0057,2,10,CC_DChg,-0.1999668799999999,105.53893328999997
RD_RateCapability_0057,2,14,CC_DChg,-0.2999662066666667,103.31396259150006
RD_RateCapability_0057,2,18,CC_DChg,-0.3999661733333333,100.89128926549998
RD_RateCapability_0057,2,22,CC_DChg,-0.4999668,99.33838606650001
RD_RateCapability_0057,3,4,CCCV_Chg,0.10000338,47.210849343500016
RD_RateCapability_0057,3,8,CCCV_Chg,0.2000073666666666,44.089924164
RD_RateCapability_0057,3,12,CCCV_Chg,0.3000169466666667,41.94628114400001
RD_RateCapability_0057,3,16,CCCV_Chg,0.4000052,40.224452679499976
RD_RateCapability_0057,3,20,CCCV_Chg,0.5000113533333334,38.28496578599997
RD_RateCapability_0057,3,6,CC_DChg,0.0,108.58700286950001
RD_RateCapability_0057,3,10,CC_DChg,-0.1999660933333333,105.12433225949991
RD_RateCapability_0057,3,14,CC_DChg,-0.2999661799999999,102.74501063199996
RD_RateCapability_0057,3,18,CC_DChg,-0.39996612,100.8394096845
RD_RateCapability_0057,3,22,CC_DChg,-0.4999663066666666,99.23423438699999
RD_RateCapability_0065,1,4,CCCV_Chg,0.1000001266666666,49.31841735049998
RD_RateCapability_0065,1,8,CCCV_Chg,0.2000055866666666,46.663942421500025
RD_RateCapability_0065,1,12,CCCV_Chg,0.3000020266666666,44.01986751750002
RD_RateCapability_0065,1,16,CCCV_Chg,0.3999987333333333,41.70030379899998
RD_RateCapability_0065,1,20,CCCV_Chg,0.50000686,39.83215647099996
RD_RateCapability_0065,1,2,CC_DChg,-0.3333005933333333,103.64632808950005
RD_RateCapability_0065,1,6,CC_DChg,-0.0999663266666666,112.17932026099996
RD_RateCapability_0065,1,10,CC_DChg,-0.1999672,109.18869419900004
RD_RateCapability_0065,1,14,CC_DChg,-0.2999669333333333,106.298260581
RD_RateCapability_0065,1,18,CC_DChg,-0.3999663733333333,104.146586229
RD_RateCapability_0065,1,22,CC_DChg,-0.4999671266666666,101.89792273750002
RD_RateCapability_0065,2,4,CCCV_Chg,0.0999978133333333,49.371059247500014
RD_RateCapability_0065,2,8,CCCV_Chg,0.1999995933333333,47.124054645499996
RD_RateCapability_0065,2,12,CCCV_Chg,0.2999959333333333,44.644466328500016
RD_RateCapability_0065,2,16,CCCV_Chg,0.3999956133333333,41.924921466
RD_RateCapability_0065,2,20,CCCV_Chg,0.49999594,39.830398570999996
RD_RateCapability_0065,2,6,CC_DChg,-0.0999670466666666,112.46789367399998
RD_RateCapability_0065,2,10,CC_DChg,-0.1999668933333333,109.85134522500002
RD_RateCapability_0065,2,14,CC_DChg,-0.2999670066666666,106.68731642250002
RD_RateCapability_0065,2,18,CC_DChg,-0.3999668533333333,104.21969526000002
RD_RateCapability_0065,2,22,CC_DChg,-0.4999671066666666,102.543821758
RD_RateCapability_0065,3,4,CCCV_Chg,0.0999984933333333,49.80439649999997
RD_RateCapability_0065,3,8,CCCV_Chg,0.20000414,46.78004549250003
RD_RateCapability_0065,3,12,CCCV_Chg,0.2999955666666666,44.371567117
RD_RateCapability_0065,3,16,CCCV_Chg,0.3999996933333333,41.70045017400002
RD_RateCapability_0065,3,20,CCCV_Chg,0.5000008666666667,39.997879618499994
RD_RateCapability_0065,3,6,CC_DChg,0.0,112.33773893899995
RD_RateCapability_0065,3,10,CC_DChg,-0.19996646,109.09151517899997
RD_RateCapability_0065,3,14,CC_DChg,-0.29996678,106.72632125299995
RD_RateCapability_0065,3,18,CC_DChg,0.0,104.45656305649996
RD_RateCapability_0065,3,22,CC_DChg,-0.4999660199999999,102.535573679
RD_RateCapability_0074,1,4,CCCV_Chg,0.09999956,49.58647280350002
RD_RateCapability_0074,1,8,CCCV_Chg,0.1999976866666666,46.9874106665
RD_RateCapability_0074,1,12,CCCV_Chg,0.3000011866666666,44.46545670150001
RD_RateCapability_0074,1,16,CCCV_Chg,0.3999958666666667,42.30245878049997
RD_RateCapability_0074,1,20,CCCV_Chg,0.4999959333333333,40.643522336000004
RD_RateCapability_0074,1,2,CC_DChg,-0.3332998533333333,103.86233871049996
RD_RateCapability_0074,1,6,CC_DChg,-0.0999662533333333,112.05844195800007
RD_RateCapability_0074,1,10,CC_DChg,-0.1999671266666666,109.26013460600004
RD_RateCapability_0074,1,14,CC_DChg,-0.2999660333333333,106.55713683199997
RD_RateCapability_0074,1,18,CC_DChg,-0.39996694,104.66484735500002
RD_RateCapability_0074,1,22,CC_DChg,-0.4999670466666667,102.63308962050002
RD_RateCapability_0074,2,4,CCCV_Chg,0.1000039466666666,49.679474288500025
RD_RateCapability_0074,2,8,CCCV_Chg,0.2000028866666666,47.491055691
RD_RateCapability_0074,2,12,CCCV_Chg,0.2999955333333333,45.13327532800002
RD_RateCapability_0074,2,16,CCCV_Chg,0.3999978266666666,42.54820949950002
RD_RateCapability_0074,2,20,CCCV_Chg,0.4999955399999999,40.679751721000024
RD_RateCapability_0074,2,6,CC_DChg,-0.0999664533333333,112.36724861149987
RD_RateCapability_0074,2,10,CC_DChg,-0.1999672066666666,109.96318720499998
RD_RateCapability_0074,2,14,CC_DChg,-0.2999669266666666,106.96321485850001
RD_RateCapability_0074,2,18,CC_DChg,-0.3999665266666666,104.778499441
RD_RateCapability_0074,2,22,CC_DChg,-0.4999663466666666,103.33479805800003
RD_RateCapability_0074,3,4,CCCV_Chg,0.1000017533333333,50.17734252399997
RD_RateCapability_0074,3,8,CCCV_Chg,0.1999958733333333,47.166993661
RD_RateCapability_0074,3,12,CCCV_Chg,0.29999558,44.849428049500034
RD_RateCapability_0074,3,16,CCCV_Chg,0.3999959666666666,42.38196219750001
RD_RateCapability_0074,3,20,CCCV_Chg,0.4999957533333333,40.84608469849998
RD_RateCapability_0074,3,6,CC_DChg,0.0,112.25963159799996
RD_RateCapability_0074,3,10,CC_DChg,-0.19996604,109.27787425450002
RD_RateCapability_0074,3,14,CC_DChg,-0.29996628,107.01440410900001
RD_RateCapability_0074,3,18,CC_DChg,0.0,105.07513527399998
RD_RateCapability_0074,3,22,CC_DChg,-0.4999664333333333,103.26052984950002
RD_RateCapability_0078,1,4,CCCV_Chg,0.10008634,49.785195359
RD_RateCapability_0078,1,8,CCCV_Chg,0.2000072,47.00182602699998
RD_RateCapability_0078,1,12,CCCV_Chg,0.3000045266666666,44.540410187500015
RD_RateCapability_0078,1,16,CCCV_Chg,0.4000061266666667,42.50738498950001
RD_RateCapability_0078,1,20,CCCV_Chg,0.50001214,41.43157917150002
RD_RateCapability_0078,1,2,CC_DChg,-0.3333005333333333,103.500048938
RD_RateCapability_0078,1,6,CC_DChg,-0.09996724,111.24584013399999
RD_RateCapability_0078,1,10,CC_DChg,-0.1999664533333333,108.53581192849998
RD_RateCapability_0078,1,14,CC_DChg,-0.29996694,106.01148484450003
RD_RateCapability_0078,1,18,CC_DChg,-0.3999671933333333,104.34175477999996
RD_RateCapability_0078,1,22,CC_DChg,-0.4999662733333333,100.99827839299999
RD_RateCapability_0078,2,4,CCCV_Chg,0.10000518,49.89057227600002
RD_RateCapability_0078,2,8,CCCV_Chg,0.19999602,47.393202105499974
RD_RateCapability_0078,2,12,CCCV_Chg,0.2999947266666666,44.53185722849999
RD_RateCapability_0078,2,16,CCCV_Chg,0.40000208,41.941100388
RD_RateCapability_0078,2,20,CCCV_Chg,0.4999950199999999,39.93970030700002
RD_RateCapability_0078,2,6,CC_DChg,-0.0999661866666666,111.64907610250003
RD_RateCapability_0078,2,10,CC_DChg,0.0,108.94699105700003
RD_RateCapability_0078,2,14,CC_DChg,-0.2999666133333333,105.37089353000003
RD_RateCapability_0078,2,18,CC_DChg,-0.3999664799999999,103.25323692249997
RD_RateCapability_0078,2,22,CC_DChg,-0.4999672533333333,101.250829727
RD_RateCapability_0078,3,4,CCCV_Chg,0.1000218733333333,49.84422128999998
RD_RateCapability_0078,3,8,CCCV_Chg,0.1999995933333333,47.31508049149998
RD_RateCapability_0078,3,12,CCCV_Chg,0.29999634,44.661691622000006
RD_RateCapability_0078,3,16,CCCV_Chg,0.3999948133333333,42.37241999850001
RD_RateCapability_0078,3,20,CCCV_Chg,0.4999954,40.24506026850001
RD_RateCapability_0078,3,6,CC_DChg,0.0,111.79440540399996
RD_RateCapability_0078,3,10,CC_DChg,-0.19996654,108.50247997400001
RD_RateCapability_0078,3,14,CC_DChg,-0.29996614,106.090875638
RD_RateCapability_0078,3,18,CC_DChg,-0.39996622,103.55964292550003
RD_RateCapability_0078,3,22,CC_DChg,-0.4999667533333333,101.39997493250002
RD_RateCapability_0080,1,4,CCCV_Chg,0.1000004066666666,47.075477814000024
RD_RateCapability_0080,1,8,CCCV_Chg,0.1999955733333333,44.70705444249998
RD_RateCapability_0080,1,12,CCCV_Chg,0.2999987533333333,42.31058853700001
RD_RateCapability_0080,1,16,CCCV_Chg,0.4000011333333333,40.041680983499965
RD_RateCapability_0080,1,20,CCCV_Chg,0.4999969066666667,38.47383904300002
RD_RateCapability_0080,1,2,CC_DChg,-0.3333005866666667,101.6642738775
RD_RateCapability_0080,1,6,CC_DChg,-0.0999672866666666,110.61304677950001
RD_RateCapability_0080,1,10,CC_DChg,-0.1999667333333333,107.15141053450002
RD_RateCapability_0080,1,14,CC_DChg,-0.2999668533333333,104.00195648250003
RD_RateCapability_0080,1,18,CC_DChg,-0.39996682,102.0000297745
RD_RateCapability_0080,1,22,CC_DChg,0.0,100.34221576549999
RD_RateCapability_0080,2,4,CCCV_Chg,0.1000058066666666,47.21812252049997
RD_RateCapability_0080,2,8,CCCV_Chg,0.1999953933333333,45.165894015999996
RD_RateCapability_0080,2,12,CCCV_Chg,0.2999957933333333,42.95992473049999
RD_RateCapability_0080,2,16,CCCV_Chg,0.3999963,40.19836563249999
RD_RateCapability_0080,2,20,CCCV_Chg,0.4999953133333333,38.439237289000005
RD_RateCapability_0080,2,6,CC_DChg,-0.0999667933333333,111.03596300850005
RD_RateCapability_0080,2,10,CC_DChg,-0.1999661933333333,107.94588125850004
RD_RateCapability_0080,2,14,CC_DChg,-0.2999663133333333,104.81577949300001
RD_RateCapability_0080,2,18,CC_DChg,-0.3999668266666666,102.13024367899999
RD_RateCapability_0080,2,22,CC_DChg,-0.4999666466666666,100.06842078
RD_RateCapability_0080,3,4,CCCV_Chg,0.1000015466666666,47.4940515225
RD_RateCapability_0080,3,8,CCCV_Chg,0.19999548,44.840795093499985
RD_RateCapability_0080,3,12,CCCV_Chg,0.2999971933333333,42.454370851499995
RD_RateCapability_0080,3,16,CCCV_Chg,0.3999951,40.49670948699999
RD_RateCapability_0080,3,20,CCCV_Chg,0.4999954,38.662708427500014
RD_RateCapability_0080,3,6,CC_DChg,0.0,111.20893253349998
RD_RateCapability_0080,3,10,CC_DChg,-0.1999663933333333,107.2502055905
RD_RateCapability_0080,3,14,CC_DChg,-0.29996662,104.60728432950002
RD_RateCapability_0080,3,18,CC_DChg,-0.3999670133333333,101.65438647749998
RD_RateCapability_0080,3,22,CC_DChg,0.0,100.5636718355
RD_RateCapability_0087,1,4,CCCV_Chg,0.0999981533333333,48.319265401500026
RD_RateCapability_0087,1,8,CCCV_Chg,0.2000005,45.9455327205
RD_RateCapability_0087,1,12,CCCV_Chg,0.3000091333333333,43.48903738599998
RD_RateCapability_0087,1,16,CCCV_Chg,0.3999971266666666,41.38429598699999
RD_RateCapability_0087,1,20,CCCV_Chg,0.4999969066666667,39.65988353700006
RD_RateCapability_0087,1,2,CC_DChg,-0.3332996133333333,105.98146041649997
RD_RateCapability_0087,1,6,CC_DChg,-0.09996674,115.10345344800001
RD_RateCapability_0087,1,10,CC_DChg,-0.1999667733333333,111.681512253
RD_RateCapability_0087,1,14,CC_DChg,-0.2999664333333333,108.722747964
RD_RateCapability_0087,1,18,CC_DChg,-0.3999662933333333,106.71656944149998
RD_RateCapability_0087,1,22,CC_DChg,-0.49996644,104.51785669099999
RD_RateCapability_0087,2,4,CCCV_Chg,0.10000084,48.52665967950005
RD_RateCapability_0087,2,8,CCCV_Chg,0.19999586,46.60358144100002
RD_RateCapability_0087,2,12,CCCV_Chg,0.2999974199999999,44.359925034999996
RD_RateCapability_0087,2,16,CCCV_Chg,0.3999947666666666,41.7614724345
RD_RateCapability_0087,2,20,CCCV_Chg,0.5000016466666667,39.83357513250001
RD_RateCapability_0087,2,6,CC_DChg,-0.0999665466666666,115.37690883550002
RD_RateCapability_0087,2,10,CC_DChg,-0.19996622,112.3775215525
RD_RateCapability_0087,2,14,CC_DChg,-0.2999664266666667,109.11782169550001
RD_RateCapability_0087,2,18,CC_DChg,-0.3999661066666667,106.8305941415
RD_RateCapability_0087,2,22,CC_DChg,-0.4999669133333333,105.49448898650003
RD_RateCapability_0087,3,4,CCCV_Chg,0.10076626,49.07480424300003
RD_RateCapability_0087,3,8,CCCV_Chg,0.1999959,46.08503256099999
RD_RateCapability_0087,3,12,CCCV_Chg,0.29999628,43.95392511700001
RD_RateCapability_0087,3,16,CCCV_Chg,0.3999953,41.5114524565
RD_RateCapability_0087,3,20,CCCV_Chg,0.50000798,40.041059224000016
RD_RateCapability_0087,3,6,CC_DChg,0.0,115.27155483249994
RD_RateCapability_0087,3,10,CC_DChg,-0.19996712,111.75878106899998
RD_RateCapability_0087,3,14,CC_DChg,-0.2999664266666667,109.06457832550001
RD_RateCapability_0087,3,18,CC_DChg,0.0,107.01041734450003
RD_RateCapability_0087,3,22,CC_DChg,-0.4999665,105.33719570000002
RD_RateCapability_0091,1,4,CCCV_Chg,0.0999973933333333,46.0522906595
RD_RateCapability_0091,1,8,CCCV_Chg,0.1999966333333333,43.09831880150003
RD_RateCapability_0091,1,12,CCCV_Chg,0.2999964466666667,40.879850989999994
RD_RateCapability_0091,1,16,CCCV_Chg,0.3999979666666667,38.72410772949998
RD_RateCapability_0091,1,20,CCCV_Chg,0.4999953199999999,37.28891391800001
RD_RateCapability_0091,1,2,CC_DChg,-0.3332999733333333,100.4881290855
RD_RateCapability_0091,1,6,CC_DChg,-0.0999661266666666,109.63274336450003
RD_RateCapability_0091,1,10,CC_DChg,-0.1999665266666666,106.05665526950001
RD_RateCapability_0091,1,14,CC_DChg,-0.2999660733333333,103.29987625050002
RD_RateCapability_0091,1,18,CC_DChg,-0.3999669933333333,101.53825007950002
RD_RateCapability_0091,1,22,CC_DChg,0.0,100.09598036099993
RD_RateCapability_0091,2,4,CCCV_Chg,0.1000120733333333,46.42660108900003
RD_RateCapability_0091,2,8,CCCV_Chg,0.1999947733333333,43.715324489500006
RD_RateCapability_0091,2,12,CCCV_Chg,0.2999996733333333,41.582772144
RD_RateCapability_0091,2,16,CCCV_Chg,0.3999947666666666,39.15625618000002
RD_RateCapability_0091,2,20,CCCV_Chg,0.4999948066666667,37.54075776950003
RD_RateCapability_0091,2,6,CC_DChg,-0.0999673266666666,110.03032018099998
RD_RateCapability_0091,2,10,CC_DChg,-0.1999672733333333,106.70106104199998
RD_RateCapability_0091,2,14,CC_DChg,-0.2999671466666667,103.86315233300002
RD_RateCapability_0091,2,18,CC_DChg,-0.39996712,101.64577765300001
RD_RateCapability_0091,2,22,CC_DChg,-0.4999673333333332,99.82764702850001
RD_RateCapability_0091,3,4,CCCV_Chg,0.0999978666666666,46.829026249000016
RD_RateCapability_0091,3,8,CCCV_Chg,0.1999983,43.33102170350001
RD_RateCapability_0091,3,12,CCCV_Chg,0.2999954999999999,40.88000774699997
RD_RateCapability_0091,3,16,CCCV_Chg,0.3999956066666666,39.2597714855
RD_RateCapability_0091,3,20,CCCV_Chg,0.4999949533333334,37.60100747400003
RD_RateCapability_0091,3,6,CC_DChg,0.0,110.2115055714999
RD_RateCapability_0091,3,10,CC_DChg,-0.1999660466666666,105.91476047750001
RD_RateCapability_0091,3,14,CC_DChg,-0.2999673066666666,103.53201537400003
RD_RateCapability_0091,3,18,CC_DChg,-0.39996654,101.17249817749997
RD_RateCapability_0091,3,22,CC_DChg,0.0,100.21573491800001
