cell_name,cycle_no,step_no,step_name,c_rate,auc_ahv,max_c_rate,low_knee_soc,low_knee_voltage,high_knee_soc,high_knee_voltage,abs_max_capacity
RD_RateCapability_0001,1,2,CC_DChg,-0.3332994266666667,103.55379013500004,-0.3332994266666667,4.748664376079925,3.000296,23.30440309030605,3.168954,151.053
RD_RateCapability_0001,1,4,CCCV_Chg,0.10000112,47.75808469699997,0.10000112,5.27986798679868,3.230908,98.34521452145214,3.435455,151.5
RD_RateCapability_0001,1,6,CC_DChg,-0.0999660866666666,112.39752250899996,-0.0999660866666666,4.005136638515616,3.056831,24.056371986974945,3.220273,152.629
RD_RateCapability_0001,1,8,CCCV_Chg,0.19999638,45.168225137,0.19999638,5.08336722244815,3.23562,97.44454210339896,3.461671,152.458
RD_RateCapability_0001,1,10,CC_DChg,-0.1999665933333333,108.88714836549995,-0.1999665933333333,4.254508925933454,3.029296,23.05444852241168,3.196224,152.309
RD_RateCapability_0001,1,12,CCCV_Chg,0.2999967066666666,42.73170389349998,0.2999967066666666,5.121605294951936,3.257039,96.85349582392185,3.473006,152.296
RD_RateCapability_0001,1,14,CC_DChg,-0.2999667866666666,106.02816543000002,-0.2999667866666666,4.497270993621361,3.008381,22.79542316038666,3.176335,152.07
RD_RateCapability_0001,1,16,CCCV_Chg,0.3999984,40.606130374,0.3999984,5.15173039737974,3.276636,96.39977375268012,3.481798,152.046
RD_RateCapability_0001,1,18,CC_DChg,-0.3999661933333333,104.09884210899996,-0.3999661933333333,4.498108241487076,2.99152,22.297746339858527,3.162478,151.975
RD_RateCapability_0001,1,20,CCCV_Chg,0.4999959933333333,39.027208607500015,0.4999959933333333,5.168839544847284,3.28849,95.99207628875476,3.488076,151.949
RD_RateCapability_0001,1,22,CC_DChg,-0.49996604,102.51924852549998,-0.49996604,4.503360077930118,2.984038,22.28906543101804,3.151556,151.931
RD_RateCapability_0001,2,4,CCCV_Chg,0.10000258,47.9019858495,0.10000258,5.531407647422978,3.239147,98.3318186009141,3.431984,151.842
RD_RateCapability_0001,2,6,CC_DChg,-0.0999665,112.7438208334999,-0.0999665,4.008324225984417,3.058051,24.05779839928799,3.220316,152.807
RD_RateCapability_0001,2,8,CCCV_Chg,0.1999982266666666,45.55824433199998,0.1999982266666666,5.0768736939333,3.233354,97.81661677137036,3.46517,152.653
RD_RateCapability_0001,2,10,CC_DChg,-0.1999661266666666,109.55441816550002,-0.1999661266666666,4.2526119721127404,3.039248,23.048973247371627,3.199642,152.471
RD_RateCapability_0001,2,12,CCCV_Chg,0.2999976666666666,43.32074625550001,0.2999976666666666,5.107401698750532,3.251036,97.36988817105566,3.475396,152.465
RD_RateCapability_0001,2,14,CC_DChg,-0.2999663933333333,106.55562111000002,-0.2999663933333333,4.5052091892069495,3.014967,22.54905182896769,3.17908,152.135
RD_RateCapability_0001,2,16,CCCV_Chg,0.3999986066666667,40.88391314449999,0.3999986066666667,5.139415775251646,3.273739,96.7613199297826,3.484169,152.099
RD_RateCapability_0001,2,18,CC_DChg,-0.3999672,104.43032063649996,-0.3999672,4.4991416111399785,2.999236,22.79630859901729,3.166227,152.029
RD_RateCapability_0001,2,20,CCCV_Chg,0.4999989666666666,39.20868039800002,0.4999989666666666,5.153642218552849,3.287083,96.32521758580084,3.490052,152.009
RD_RateCapability_0001,2,22,CC_DChg,-0.4999660733333333,103.040319035,-0.4999660733333333,4.505897133986303,2.996609,22.80115508837478,3.157297,152.023
RD_RateCapability_0001,3,4,CCCV_Chg,0.1000068066666666,48.22952420449998,0.1000068066666666,5.531167113117765,3.235713,98.31116434885053,3.427232,151.939
RD_RateCapability_0001,3,6,CC_DChg,0.0,112.7868980955,0.0,4.008514819060094,3.056439,23.81398395284101,3.219769,152.675
RD_RateCapability_0001,3,8,CCCV_Chg,0.1999974266666666,45.26087080249998,0.1999974266666666,5.0878136435776025,3.234643,97.46068388399944,3.462286,152.482
RD_RateCapability_0001,3,10,CC_DChg,-0.1999660466666666,108.875381969,-0.1999660466666666,4.254466631634268,3.029671,23.052417235943256,3.195898,152.24
RD_RateCapability_0001,3,12,CCCV_Chg,0.2999982466666667,43.03518372450002,0.2999982466666667,5.106799432504861,3.256684,97.138878671641,3.471358,152.248
RD_RateCapability_0001,3,14,CC_DChg,-0.2999667466666667,106.5290110255,-0.2999667466666667,4.499184596769956,3.018414,23.298174548897897,3.181557,152.072
RD_RateCapability_0001,3,16,CCCV_Chg,0.3999987066666666,40.96392363599999,0.3999987066666666,5.141511605727553,3.271534,96.525845682301,3.482032,152.037
RD_RateCapability_0001,3,18,CC_DChg,-0.3999661466666667,104.47941958250004,-0.3999661466666667,4.500467222068672,3.003761,23.29990392334925,3.169124,151.962
RD_RateCapability_0001,3,20,CCCV_Chg,0.4999991533333333,39.49252775000002,0.4999991533333333,5.155575444877329,3.284432,96.37517110666526,3.488269,151.952
RD_RateCapability_0001,3,22,CC_DChg,-0.4999661466666666,103.185053824,-0.4999661466666666,4.503378356151789,3.000411,23.54256991914315,3.159536,151.997
RD_RateCapability_0003,1,2,CC_DChg,-0.3332993666666667,104.67476638950002,-0.3332993666666667,4.503964595242483,2.987266,22.295250388556678,3.169149,151.844
RD_RateCapability_0003,1,4,CCCV_Chg,0.09999792,47.87019059799999,0.09999792,5.2833088158033,3.23756,98.37658926132184,3.438487,152.272
RD_RateCapability_0003,1,6,CC_DChg,-0.09996642,113.43429869399998,-0.09996642,4.007215984578105,3.060519,24.05762367468153,3.222685,153.548
RD_RateCapability_0003,1,8,CCCV_Chg,0.1999990466666666,45.597527528000015,0.1999990466666666,5.093148254448677,3.239573,97.55844596357564,3.46535,153.304
RD_RateCapability_0003,1,10,CC_DChg,-0.19996718,109.9843183475,-0.19996718,4.255708239719935,3.032406,22.8048748628455,3.19919,153.112
RD_RateCapability_0003,1,12,CCCV_Chg,0.2999975266666667,43.21340479500001,0.2999975266666667,5.136614878020097,3.259597,96.6489827385697,3.470582,153.058
RD_RateCapability_0003,1,14,CC_DChg,-0.2999668533333333,107.16586791350002,-0.2999668533333333,4.50517663381369,3.01076,22.053376264708568,3.178806,152.802
RD_RateCapability_0003,1,16,CCCV_Chg,0.3999983199999999,41.170666536500015,0.3999983199999999,5.172188031949719,3.277711,96.07044651040984,3.477651,152.74
RD_RateCapability_0003,1,18,CC_DChg,-0.3999660733333333,105.2489457315,-0.3999660733333333,4.500350412963305,2.993799,22.04326781375059,3.166174,152.677
RD_RateCapability_0003,1,20,CCCV_Chg,0.49999654,39.61682545,0.49999654,5.201085033612453,3.287838,95.7797696269214,3.486675,152.622
RD_RateCapability_0003,1,22,CC_DChg,-0.4999668266666667,103.34286538800002,-0.4999668266666667,4.5042208622759095,2.976998,21.545747325475386,3.152582,152.457
RD_RateCapability_0003,2,4,CCCV_Chg,0.0999979466666666,47.979575567500014,0.0999979466666666,5.280828879635399,3.239398,98.36125774615562,3.433728,152.495
RD_RateCapability_0003,2,6,CC_DChg,-0.09996674,113.7471201645,-0.09996674,3.755645507672689,3.050796,23.30634769819474,3.221644,153.662
RD_RateCapability_0003,2,8,CCCV_Chg,0.1999973666666666,45.99723454450002,0.1999973666666666,5.0821284996644485,3.23718,97.62638536868236,3.458731,153.479
RD_RateCapability_0003,2,10,CC_DChg,-0.1999666,110.66495727299996,-0.1999666,4.0045669548197775,3.032152,22.80019572663513,3.202885,153.275
RD_RateCapability_0003,2,12,CCCV_Chg,0.2999971066666667,43.815772779999975,0.2999971066666667,5.122716801858535,3.253953,97.08233543680134,3.46896,153.239
RD_RateCapability_0003,2,14,CC_DChg,-0.2999672333333333,107.51595030100002,-0.2999672333333333,4.502182063243854,3.013547,22.300228347847696,3.181629,152.837
RD_RateCapability_0003,2,16,CCCV_Chg,0.3999986733333333,41.376965277499984,0.3999986733333333,5.171510866719037,3.274826,96.45129615082485,3.481244,152.76
RD_RateCapability_0003,2,18,CC_DChg,-0.39996696,105.429234689,-0.39996696,4.508706875090085,2.998169,22.296544766047777,3.168739,152.638
RD_RateCapability_0003,2,20,CCCV_Chg,0.50000036,39.68008011899999,0.50000036,5.201520414181794,3.287487,95.9853201389344,3.488677,152.59
RD_RateCapability_0003,2,22,CC_DChg,-0.4999668399999999,103.71122773550005,-0.4999668399999999,4.497387450584456,2.986472,22.786544551015183,3.158338,152.533
RD_RateCapability_0003,3,4,CCCV_Chg,0.0999977599999999,48.34003561949999,0.0999977599999999,5.278369433430547,3.235635,98.31765900973228,3.427122,152.585
RD_RateCapability_0003,3,6,CC_DChg,0.0,113.72565351799994,0.0,3.757385464233831,3.049291,23.311033085576927,3.221187,153.511
RD_RateCapability_0003,3,8,CCCV_Chg,0.2000014533333333,45.7190889425,0.2000014533333333,5.088494131922472,3.237609,97.50859498848564,3.462311,153.287
RD_RateCapability_0003,3,10,CC_DChg,-0.1999671733333333,110.015646046,-0.1999671733333333,4.256209150326795,3.034971,23.05359477124184,3.200231,153.0
RD_RateCapability_0003,3,12,CCCV_Chg,0.2999981133333333,43.50243372700001,0.2999981133333333,5.123780013466429,3.258117,97.13609591235056,3.47384,152.973
RD_RateCapability_0003,3,14,CC_DChg,-0.2999669266666666,107.57413321099996,-0.2999669266666666,4.251683981068721,3.008668,22.294665593108288,3.182301,152.763
RD_RateCapability_0003,3,16,CCCV_Chg,0.3999990266666666,41.310825966,0.3999990266666666,5.173847836480212,3.27325,96.25452711685692,3.48106,152.691
RD_RateCapability_0003,3,18,CC_DChg,-0.39996664,105.51752942250002,-0.39996664,4.503299973128327,3.002267,22.549270204552453,3.170013,152.577
RD_RateCapability_0003,3,20,CCCV_Chg,0.4999992466666667,39.72786078600001,0.4999992466666667,5.18945850268782,3.285633,95.89681395043924,3.487677,152.54
RD_RateCapability_0003,3,22,CC_DChg,-0.4999666,103.854456274,-0.4999666,4.505473602739096,2.99098,22.8041637423832,3.160532,152.459
RD_RateCapability_0004,1,2,CC_DChg,-0.3332996066666666,106.57247068699998,-0.3332996066666666,4.250250341970407,3.014642,24.049191379073363,3.182611,152.791
RD_RateCapability_0004,1,4,CCCV_Chg,0.1000090466666666,48.53062122250002,0.1000090466666666,5.277710595294901,3.224462,98.32203578175351,3.430347,152.983
RD_RateCapability_0004,1,6,CC_DChg,-0.0999669733333333,113.66382922749996,-0.0999669733333333,3.757041199963584,3.050526,23.80738659277472,3.221918,153.738
RD_RateCapability_0004,1,8,CCCV_Chg,0.1999966466666666,46.09116433,0.1999966466666666,5.073478184434475,3.234116,97.9945697114915,3.466178,153.583
RD_RateCapability_0004,1,10,CC_DChg,-0.19996672,110.7309816855,-0.19996672,4.00406398166,3.034291,23.30406919189289,3.202464,153.544
RD_RateCapability_0004,1,12,CCCV_Chg,0.2999997333333333,44.170158040500006,0.2999997333333333,5.0969229566712695,3.250109,97.43883692451996,3.469094,153.524
RD_RateCapability_0004,1,14,CC_DChg,-0.2999671933333333,108.620585546,-0.2999671933333333,4.004848042537656,3.016807,22.552520460824688,3.186188,153.464
RD_RateCapability_0004,1,16,CCCV_Chg,0.4000048333333333,42.466725971,0.4000048333333333,5.116739887105815,3.263992,97.27606930086432,3.478388,153.418
RD_RateCapability_0004,1,18,CC_DChg,-0.3999668866666667,107.23717474700004,-0.3999668866666667,3.996325517457056,3.010791,23.29257089992247,3.178936,153.491
RD_RateCapability_0004,1,20,CCCV_Chg,0.50000214,41.02204093900002,0.50000214,5.132566870014078,3.271087,97.10295114448094,3.488188,153.432
RD_RateCapability_0004,1,22,CC_DChg,-0.49996644,105.6111491,-0.49996644,3.995201585563024,2.998098,22.793772492567665,3.167453,153.384
RD_RateCapability_0004,2,4,CCCV_Chg,0.1000086866666666,48.679482231,0.1000086866666666,5.53240333131159,3.2327,98.33108332844202,3.428784,153.333
RD_RateCapability_0004,2,6,CC_DChg,-0.0999668933333333,113.93809333699996,-0.0999668933333333,3.7571014417389295,3.053632,23.807542803655718,3.222976,153.842
RD_RateCapability_0004,2,8,CCCV_Chg,0.1999975333333333,46.41037611599997,0.1999975333333333,5.06885762052523,3.232268,98.1434138027491,3.46488,153.723
RD_RateCapability_0004,2,10,CC_DChg,-0.1999661666666666,111.22352608899998,-0.1999661666666666,4.007967764404152,3.042731,23.808252885385272,3.206987,153.619
RD_RateCapability_0004,2,12,CCCV_Chg,0.29999762,44.55693009550002,0.29999762,5.086456081872867,3.245782,97.78716700085936,3.470356,153.604
RD_RateCapability_0004,2,14,CC_DChg,-0.2999668,108.69702856599996,-0.2999668,4.002085777603959,3.014643,22.798852822317816,3.186884,153.42
RD_RateCapability_0004,2,16,CCCV_Chg,0.4000074333333333,42.51194335749997,0.4000074333333333,5.118708390117306,3.262386,97.25937180080726,3.477411,153.359
RD_RateCapability_0004,2,18,CC_DChg,-0.3999667933333333,107.07396010699998,-0.3999667933333333,4.257525170848764,3.02027,23.549741770567067,3.17952,153.352
RD_RateCapability_0004,2,20,CCCV_Chg,0.50000026,40.99550719550003,0.50000026,5.137053320982661,3.272597,97.10563738600634,3.488836,153.298
RD_RateCapability_0004,2,22,CC_DChg,-0.4999665533333333,105.63915580699998,-0.4999665533333333,4.004878907855158,3.00138,23.546600744881385,3.169378,153.313
RD_RateCapability_0004,3,4,CCCV_Chg,0.1000067666666666,48.95468567249999,0.1000067666666666,5.528988863735704,3.230113,98.29400520605678,3.422464,153.283
RD_RateCapability_0004,3,6,CC_DChg,0.0,113.89545822249995,0.0,3.757710627000865,3.052092,23.563285703131097,3.221649,153.684
RD_RateCapability_0004,3,8,CCCV_Chg,0.2000000266666666,46.13823028399997,0.2000000266666666,5.074809637643871,3.232574,97.76580707776684,3.459831,153.523
RD_RateCapability_0004,3,10,CC_DChg,-0.1999660666666666,110.6275368835,-0.1999660666666666,4.010536542110311,3.034268,23.304927267866816,3.202185,153.371
RD_RateCapability_0004,3,12,CCCV_Chg,0.30000204,44.29814096299998,0.30000204,5.094415899428809,3.249559,97.82608695652172,3.474618,153.364
RD_RateCapability_0004,3,14,CC_DChg,-0.2999670933333333,108.6933009935,-0.2999670933333333,4.000026097054943,3.018836,23.304670067982823,3.189481,153.274
RD_RateCapability_0004,3,16,CCCV_Chg,0.4000129866666667,42.38863275399999,0.4000129866666667,5.123418919448107,3.261807,97.12044276782102,3.479362,153.218
RD_RateCapability_0004,3,18,CC_DChg,0.0,107.139185853,0.0,3.9953272552845855,3.020604,24.532562373963152,3.182808,153.229
RD_RateCapability_0004,3,20,CCCV_Chg,0.500008,40.96299091450001,0.500008,5.104285667656755,3.270644,97.08587655449293,3.48862,153.185
RD_RateCapability_0004,3,22,CC_DChg,-0.4999665799999999,105.52422563649998,-0.4999665799999999,4.248526041564649,3.01248,24.299584092348468,3.171968,153.159
RD_RateCapability_0007,1,2,CC_DChg,-0.3332994333333333,99.93084597050004,-0.3332994333333333,5.002300841837426,2.986014,24.806458598381287,3.158982,147.772
RD_RateCapability_0007,1,4,CCCV_Chg,0.1000021733333333,46.00804320000004,0.1000021733333333,5.282832985822925,3.233293,98.36096547163574,3.454162,148.197
RD_RateCapability_0007,1,6,CC_DChg,-0.09996616,109.03766818700004,-0.09996616,3.758475684593876,3.03375,23.05654480459817,3.210749,149.103
RD_RateCapability_0007,1,8,CCCV_Chg,0.2000050733333333,42.9277450205,0.2000050733333333,5.09127775427854,3.246472,96.57851095400191,3.469027,148.941
RD_RateCapability_0007,1,10,CC_DChg,-0.19996674,105.4226425445,-0.19996674,4.255476414460424,3.013286,23.054024996640237,3.185165,148.82
RD_RateCapability_0007,1,12,CCCV_Chg,0.2999962,40.55731228249998,0.2999962,5.130289330314858,3.267122,95.72151201456391,3.479675,148.861
RD_RateCapability_0007,1,14,CC_DChg,-0.2999667466666667,102.52502783149995,-0.2999667466666667,4.5044620623746585,2.984411,22.29819767676633,3.16297,148.586
RD_RateCapability_0007,1,16,CCCV_Chg,0.40001228,38.510132711500006,0.40001228,5.160530389715285,3.284464,95.0885104664468,3.48832,148.57
RD_RateCapability_0007,1,18,CC_DChg,-0.3999669799999999,100.85743274300002,-0.3999669799999999,4.748435932144046,2.982534,22.53941316308733,3.152887,148.491
RD_RateCapability_0007,1,20,CCCV_Chg,0.5000074133333334,37.33578114250001,0.5000074133333334,4.923972040027476,3.289712,94.5474013118022,3.491257,148.498
RD_RateCapability_0007,1,22,CC_DChg,0.0,99.6281440345,0.0,4.748072464549535,2.971705,22.80557502561061,3.145355,148.376
RD_RateCapability_0007,2,4,CCCV_Chg,0.10000252,46.199805612500015,0.10000252,5.279653819711247,3.236366,98.33043501705288,3.44211,148.362
RD_RateCapability_0007,2,6,CC_DChg,-0.0999666933333333,109.49591234650002,-0.0999666933333333,3.756686822100375,3.039126,23.30634024695993,3.214027,149.174
RD_RateCapability_0007,2,8,CCCV_Chg,0.1999957133333333,43.43335258449999,0.1999957133333333,5.0881689838423965,3.244229,97.2240861023136,3.470639,149.032
RD_RateCapability_0007,2,10,CC_DChg,-0.1999670866666666,106.22218532450005,-0.1999670866666666,4.0042991972592645,3.011259,22.803210962953013,3.190399,148.865
RD_RateCapability_0007,2,12,CCCV_Chg,0.2999982,41.450518665000025,0.2999982,5.120439451223198,3.258705,96.53623256532336,3.478187,148.913
RD_RateCapability_0007,2,14,CC_DChg,-0.29996702,103.677691941,-0.29996702,4.505516684607091,3.001181,22.55314854682453,3.1734,148.64
RD_RateCapability_0007,2,16,CCCV_Chg,0.3999968866666666,38.97284850850002,0.3999968866666666,4.900779898929406,3.273722,95.54535727984172,3.487338,148.609
RD_RateCapability_0007,2,18,CC_DChg,-0.3999669466666666,100.93215334549996,-0.3999669466666666,4.752407199024312,2.980778,23.29440936870405,3.157099,148.409
RD_RateCapability_0007,2,20,CCCV_Chg,0.5000195533333334,37.454052186500014,0.5000195533333334,4.92746592279652,3.287101,94.7848234319096,3.491792,148.413
RD_RateCapability_0007,2,22,CC_DChg,-0.4999666,99.4531200415,-0.4999666,4.751726184054372,2.971693,22.53681626928471,3.144153,148.304
RD_RateCapability_0007,3,4,CCCV_Chg,0.1000047666666666,46.57126956,0.1000047666666666,5.279553361922486,3.235016,98.30218194568062,3.434538,148.308
RD_RateCapability_0007,3,6,CC_DChg,0.0,109.61454743500003,0.0,4.007004877917852,3.050758,24.314441186535063,3.217779,149.039
RD_RateCapability_0007,3,8,CCCV_Chg,0.2000161266666666,43.103839589500005,0.2000161266666666,5.099764863957004,3.243466,96.91165602955996,3.471912,148.85
RD_RateCapability_0007,3,10,CC_DChg,-0.19996662,105.31839414050005,-0.19996662,4.2515393156354,3.007424,23.301369402106253,3.186745,148.605
RD_RateCapability_0007,3,12,CCCV_Chg,0.2999969466666666,40.62545216700002,0.2999969466666666,4.877064343614409,3.25851,96.02233359120108,3.483187,148.655
RD_RateCapability_0007,3,14,CC_DChg,-0.2999666533333333,103.02526108699996,-0.2999666533333333,4.498491298022522,2.994812,23.804488388382996,3.172368,148.472
RD_RateCapability_0007,3,16,CCCV_Chg,0.4000048333333333,39.13185760099999,0.4000048333333333,4.89492119089317,3.271913,95.70860837936144,3.487577,148.46
RD_RateCapability_0007,3,18,CC_DChg,-0.3999669466666666,100.60886574300002,-0.3999669466666666,4.998110610272888,2.980829,23.80226186941617,3.155829,148.196
RD_RateCapability_0007,3,20,CCCV_Chg,0.4999966133333333,37.22103967149999,0.4999966133333333,4.920377867746288,3.292846,94.93522267206478,3.48992,148.2
RD_RateCapability_0007,3,22,CC_DChg,0.0,99.67678604,0.0,4.504638218923929,2.968515,19.29094282341035,3.16476,148.225
RD_RateCapability_0011,1,2,CC_DChg,-0.33330022,105.3017190905,-0.33330022,4.504528118897522,2.989889,22.05279092017143,3.168233,152.602
RD_RateCapability_0011,1,4,CCCV_Chg,0.09999842,48.09562806400001,0.09999842,5.28019500943594,3.235467,98.35198678968337,3.437304,152.608
RD_RateCapability_0011,1,6,CC_DChg,-0.0999667933333333,113.487987603,-0.0999667933333333,3.758415455166375,3.048449,23.55676976615606,3.220593,153.735
RD_RateCapability_0011,1,8,CCCV_Chg,0.1999957466666666,45.810217019,0.1999957466666666,5.082803874596396,3.238281,97.42019060514528,3.460162,153.616
RD_RateCapability_0011,1,10,CC_DChg,-0.1999667333333333,110.1546785415,-0.1999667333333333,4.25604047411039,3.033797,22.799937411169505,3.199095,153.382
RD_RateCapability_0011,1,12,CCCV_Chg,0.29999846,43.49098893300001,0.29999846,5.125013035770153,3.258206,96.72085201793722,3.471458,153.424
RD_RateCapability_0011,1,14,CC_DChg,-0.2999671266666667,107.43277358599995,-0.2999671266666667,4.502857142857152,3.01115,21.548408163265297,3.177483,153.125
RD_RateCapability_0011,1,16,CCCV_Chg,0.3999961266666667,41.55877372349999,0.3999961266666667,5.1595880166935535,3.276363,96.34910164388393,3.480135,153.113
RD_RateCapability_0011,1,18,CC_DChg,-0.39996726,105.6677577225,-0.39996726,4.5030091942155686,2.995343,22.04978076337475,3.167269,153.031
RD_RateCapability_0011,1,20,CCCV_Chg,0.4999958,40.106576353499975,0.4999958,5.185446515487088,3.28571,96.0160195475066,3.487775,153.063
RD_RateCapability_0011,1,22,CC_DChg,-0.4999667533333333,104.02791418099996,-0.4999667533333333,4.5075802168766055,2.98086,21.798846289683315,3.155795,152.898
RD_RateCapability_0011,2,4,CCCV_Chg,0.1000031933333333,48.22820960650001,0.1000031933333333,5.280687863578959,3.237393,98.33792476164923,3.432324,152.821
RD_RateCapability_0011,2,6,CC_DChg,-0.0999671533333333,113.835762086,-0.0999671533333333,3.7562956945572767,3.052657,23.556133225020304,3.221964,153.875
RD_RateCapability_0011,2,8,CCCV_Chg,0.19999848,46.27617426550003,0.19999848,5.077053124390403,3.236009,97.75473047662396,3.459789,153.79
RD_RateCapability_0011,2,10,CC_DChg,-0.1999670266666666,110.901725118,-0.1999670266666666,4.00278703896646,3.034076,23.05558449677017,3.203794,153.568
RD_RateCapability_0011,2,12,CCCV_Chg,0.2999954666666666,44.192308225000005,0.2999954666666666,5.110078246038876,3.251801,97.36359020427294,3.4725,153.618
RD_RateCapability_0011,2,14,CC_DChg,-0.29996692,107.79097182750002,-0.29996692,4.258708026528801,3.001399,21.802705102094112,3.179022,153.192
RD_RateCapability_0011,2,16,CCCV_Chg,0.3999955799999999,41.7593569575,0.3999955799999999,5.158307813856912,3.272521,96.25990035977564,3.477308,153.151
RD_RateCapability_0011,2,18,CC_DChg,-0.39996726,105.79757720800002,-0.39996726,4.5049815642896345,2.99687,22.04832509610104,3.168155,152.964
RD_RateCapability_0011,2,20,CCCV_Chg,0.4999993266666667,40.15031596750002,0.4999993266666667,5.174194391790313,3.284441,95.96574939538532,3.486532,152.99
RD_RateCapability_0011,2,22,CC_DChg,-0.4999664,104.45385476200002,-0.4999664,4.494499532640028,2.992736,22.78363521083491,3.160564,152.987
RD_RateCapability_0011,3,4,CCCV_Chg,0.1000008666666666,48.64474117699998,0.1000008666666666,5.277405433680976,3.233019,98.29208487265832,3.425015,152.935
RD_RateCapability_0011,3,6,CC_DChg,0.0,113.79010697000002,0.0,3.757862760276054,3.050228,23.31279963052345,3.220422,153.731
RD_RateCapability_0011,3,8,CCCV_Chg,0.19999588,45.93868933250001,0.19999588,5.083565006217731,3.236331,97.41850214528006,3.459196,153.593
RD_RateCapability_0011,3,10,CC_DChg,-0.1999662,110.115260653,-0.1999662,4.255541273269426,3.033098,22.802576031423925,3.198934,153.259
RD_RateCapability_0011,3,12,CCCV_Chg,0.2999963066666666,43.81714278050003,0.2999963066666666,5.111664796890083,3.256681,96.96770069660047,3.468537,153.316
RD_RateCapability_0011,3,14,CC_DChg,-0.2999661066666667,107.8936254975,-0.2999661066666667,4.248912461299314,3.010967,22.3020548929444,3.182562,153.098
RD_RateCapability_0011,3,16,CCCV_Chg,0.3999953,41.6564633585,0.3999953,5.161610683880748,3.271108,96.12487177644348,3.478568,153.053
RD_RateCapability_0011,3,18,CC_DChg,0.0,106.05528936549996,0.0,4.496645173103819,3.015497,24.540591443556504,3.178101,152.914
RD_RateCapability_0011,3,20,CCCV_Chg,0.4999955133333333,40.37433363149999,0.4999955133333333,4.902556860899183,3.275081,96.2565621302162,3.486916,152.961
RD_RateCapability_0011,3,22,CC_DChg,-0.4999665133333333,104.5548884365,-0.4999665133333333,4.499460378716025,2.994981,23.53664519082971,3.163643,152.885
RD_RateCapability_0012,1,2,CC_DChg,-0.33329986,102.1224164595,-0.33329986,4.508263123784828,2.991383,23.055735580038885,3.169865,148.128
RD_RateCapability_0012,1,4,CCCV_Chg,0.09999798,47.234421908,0.09999798,5.281692516309223,3.225404,98.37076415546214,3.435332,148.229
RD_RateCapability_0012,1,6,CC_DChg,-0.0999673133333333,109.87843545900002,-0.0999673133333333,4.008635428050377,3.054338,23.80910876750718,3.219707,149.153
RD_RateCapability_0012,1,8,CCCV_Chg,0.2000007,44.94939250350002,0.2000007,5.086906063634961,3.229934,97.5132321274041,3.459453,149.069
RD_RateCapability_0012,1,10,CC_DChg,-0.19996644,106.8381400685,-0.19996644,4.255604869303642,3.032314,23.55421565401892,3.198947,148.933
RD_RateCapability_0012,1,12,CCCV_Chg,0.3000093466666667,42.88460828300002,0.3000093466666667,5.125572155330945,3.247941,96.97579833286352,3.46903,148.998
RD_RateCapability_0012,1,14,CC_DChg,-0.2999668,104.16378447750004,-0.2999668,4.503607862652403,3.007725,22.804516385009045,3.178869,148.703
RD_RateCapability_0012,1,16,CCCV_Chg,0.4000188066666666,40.88580602049996,0.4000188066666666,5.167056734726818,3.265606,96.44432787238048,3.477706,148.692
RD_RateCapability_0012,1,18,CC_DChg,-0.3999667133333333,102.4553289665,-0.3999667133333333,4.502425469787596,2.993185,22.54509489944897,3.165475,148.631
RD_RateCapability_0012,1,20,CCCV_Chg,0.4999988333333333,39.55822453899998,0.4999988333333333,5.185474213904176,3.276989,96.12165816772736,3.484229,148.646
RD_RateCapability_0012,1,22,CC_DChg,0.0,101.19337045599998,0.0,4.495645033183903,2.982212,22.3059111775238,3.155067,148.566
RD_RateCapability_0012,2,4,CCCV_Chg,0.0999974666666666,47.334360094,0.0999974666666666,5.530946642790785,3.234873,98.34058136873426,3.429717,148.546
RD_RateCapability_0012,2,6,CC_DChg,-0.0999667066666666,110.26647504749998,-0.0999667066666666,4.007981145213979,3.05855,24.30968450372275,3.222041,149.352
RD_RateCapability_0012,2,8,CCCV_Chg,0.1999984466666666,45.181283951500006,0.1999984466666666,5.085983399543119,3.229535,97.68142932747384,3.460006,149.273
RD_RateCapability_0012,2,10,CC_DChg,-0.1999665266666666,107.376197792,-0.1999665266666666,4.003863671426943,3.025767,23.30008518858875,3.201204,149.081
RD_RateCapability_0012,2,12,CCCV_Chg,0.30001054,43.3661904045,0.30001054,5.121019108280255,3.243083,97.30472678511563,3.469592,149.15
RD_RateCapability_0012,2,14,CC_DChg,-0.2999664733333333,104.9690816855,-0.2999664733333333,4.250458573818627,3.008154,22.54369049458782,3.183844,148.831
RD_RateCapability_0012,2,16,CCCV_Chg,0.39999556,41.07760269849997,0.39999556,5.162959478529668,3.263123,96.37927558631812,3.474136,148.81
RD_RateCapability_0012,2,18,CC_DChg,-0.3999667266666666,102.44119097499998,-0.3999667266666666,4.504195347773132,2.990723,22.79618078685479,3.166826,148.617
RD_RateCapability_0012,2,20,CCCV_Chg,0.5000223866666667,39.50088525200002,0.5000223866666667,5.200266438803179,3.276894,95.9657397377327,3.483822,148.627
RD_RateCapability_0012,2,22,CC_DChg,-0.4999668399999999,100.88523484299996,-0.4999668399999999,4.490636931095072,2.978774,22.29359836777569,3.154019,148.509
RD_RateCapability_0012,3,4,CCCV_Chg,0.1000026866666666,47.5841352525,0.1000026866666666,5.529631200802646,3.234595,98.31188682167412,3.424877,148.509
RD_RateCapability_0012,3,6,CC_DChg,0.0,110.34731880400004,0.0,4.008038854463236,3.058414,24.566069335119742,3.223082,149.275
RD_RateCapability_0012,3,8,CCCV_Chg,0.2000042,44.95465775499997,0.2000042,5.095370587643726,3.228987,97.35577084241226,3.458888,149.155
RD_RateCapability_0012,3,10,CC_DChg,-0.1999672,106.78714865649998,-0.1999672,4.254433100483612,3.029383,23.801047823750675,3.199555,148.88
RD_RateCapability_0012,3,12,CCCV_Chg,0.300012,42.7933450055,0.300012,5.127826413878296,3.248545,96.77949943605996,3.467109,148.952
RD_RateCapability_0012,3,14,CC_DChg,-0.2999673266666667,104.51284491750005,-0.2999673266666667,4.498355982006574,3.016361,23.55349950578601,3.183211,148.721
RD_RateCapability_0012,3,16,CCCV_Chg,0.3999963333333333,41.132583217000025,0.3999963333333333,5.155290779378836,3.262655,96.56067401375728,3.476837,148.721
RD_RateCapability_0012,3,18,CC_DChg,-0.3999664133333333,102.2953826235,-0.3999664133333333,4.500670083305824,2.98709,22.54981850507446,3.164284,148.489
RD_RateCapability_0012,3,20,CCCV_Chg,0.4999964066666666,39.43248764900002,0.4999964066666666,5.190642298212771,3.279467,96.06324664305242,3.482295,148.498
RD_RateCapability_0012,3,22,CC_DChg,0.0,101.18630589649996,0.0,4.500834859420444,2.988056,23.311429494775396,3.15956,148.528
RD_RateCapability_0025,1,2,CC_DChg,-0.3333002399999999,103.12885998199998,-0.3333002399999999,4.503952529685595,2.998759,23.808413860159703,3.170717,150.157
RD_RateCapability_0025,1,4,CCCV_Chg,0.1000012933333333,47.61055081949999,0.1000012933333333,5.280052102716785,3.228436,98.3664734967303,3.436817,150.472
RD_RateCapability_0025,1,6,CC_DChg,-0.0999662466666666,111.28424517199996,-0.0999662466666666,4.008271560893761,3.055405,23.808485617261923,3.218475,151.362
RD_RateCapability_0025,1,8,CCCV_Chg,0.2000046133333333,45.122304765,0.2000046133333333,5.083177465086615,3.235923,97.65371473136685,3.462629,151.303
RD_RateCapability_0025,1,10,CC_DChg,-0.1999669333333333,108.177617188,-0.1999669333333333,4.254432389521023,3.034027,23.302460968510182,3.197262,151.16
RD_RateCapability_0025,1,12,CCCV_Chg,0.30000928,42.91077783,0.30000928,5.116438990200876,3.254462,97.04439360478186,3.471474,151.238
RD_RateCapability_0025,1,14,CC_DChg,-0.2999667066666666,105.4872511175,-0.2999667066666666,4.252853775458854,3.003568,22.552771671478133,3.176305,151.028
RD_RateCapability_0025,1,16,CCCV_Chg,0.4000114,40.85035366900002,0.4000114,5.142108085562772,3.271894,96.76193502684596,3.481634,151.047
RD_RateCapability_0025,1,18,CC_DChg,-0.3999672733333334,103.7926993345,-0.3999672733333334,4.258827580726332,2.993817,22.29411141426717,3.163929,151.004
RD_RateCapability_0025,1,20,CCCV_Chg,0.5000374866666667,39.360896677000014,0.5000374866666667,5.157826443873634,3.282563,96.56277308476552,3.490452,151.052
RD_RateCapability_0025,1,22,CC_DChg,0.0,102.37232673549995,0.0,4.235761589403964,2.98361,22.297350993377485,3.152735,151.0
RD_RateCapability_0025,2,4,CCCV_Chg,0.10000098,47.8017795045,0.10000098,5.28069861588715,3.229875,98.35152093396144,3.432163,150.927
RD_RateCapability_0025,2,6,CC_DChg,-0.0999669466666666,111.6646745215,-0.0999669466666666,4.005172220426312,3.057124,24.308116559681743,3.219915,151.579
RD_RateCapability_0025,2,8,CCCV_Chg,0.1999958666666666,45.385471554000034,0.1999958666666666,5.08177030398226,3.233846,97.60628819577356,3.458888,151.522
RD_RateCapability_0025,2,10,CC_DChg,-0.1999663466666666,108.70390392600004,-0.1999663466666666,4.0051005239268855,3.03066,23.04947904622845,3.197978,151.357
RD_RateCapability_0025,2,12,CCCV_Chg,0.2999986133333333,43.3123102015,0.2999986133333333,5.109142049731272,3.250718,97.32658100809486,3.470072,151.454
RD_RateCapability_0025,2,14,CC_DChg,-0.2999660266666666,105.95446359249996,-0.2999660266666666,4.253812816356239,3.009979,23.04562146425381,3.178238,151.135
RD_RateCapability_0025,2,16,CCCV_Chg,0.4000252466666666,40.81826040150001,0.4000252466666666,5.149973201347211,3.271352,96.64454399280076,3.482761,151.127
RD_RateCapability_0025,2,18,CC_DChg,-0.3999668533333333,103.70744987150005,-0.3999668533333333,4.254389160049543,2.992022,22.79846619469261,3.164271,150.997
RD_RateCapability_0025,2,20,CCCV_Chg,0.4999974199999999,39.148875253,0.4999974199999999,5.172071344394275,3.284049,96.25203585757605,3.49018,151.042
RD_RateCapability_0025,2,22,CC_DChg,-0.4999664199999999,101.990129505,-0.4999664199999999,4.498386808265387,2.990261,23.54663680992164,3.155314,150.943
RD_RateCapability_0025,3,4,CCCV_Chg,0.1000110066666666,48.0579883475,0.1000110066666666,5.279795355741703,3.229025,98.3173841586258,3.427766,150.896
RD_RateCapability_0025,3,6,CC_DChg,0.0,111.91011132299992,0.0,4.007471108852478,3.058723,24.06330642766158,3.22004,151.517
RD_RateCapability_0025,3,8,CCCV_Chg,0.20000176,45.2223980265,0.20000176,5.084365197292389,3.234973,97.4759782070332,3.460765,151.425
RD_RateCapability_0025,3,10,CC_DChg,-0.1999664,108.23788502699992,-0.1999664,4.007805265246722,3.02224,22.804603783569267,3.195123,151.18
RD_RateCapability_0025,3,12,CCCV_Chg,0.30000264,42.96221341550003,0.30000264,5.106695224496272,3.253497,97.17991432651118,3.471206,151.272
RD_RateCapability_0025,3,14,CC_DChg,-0.2999667533333333,105.85427933200005,-0.2999667533333333,4.253417629340317,3.010793,23.055178577339387,3.179909,151.055
RD_RateCapability_0025,3,16,CCCV_Chg,0.4000011933333333,41.03886639900001,0.4000011933333333,5.141071641356301,3.268611,96.75488885064016,3.482951,151.058
RD_RateCapability_0025,3,18,CC_DChg,-0.39996676,103.77648288299996,-0.39996676,4.246779481405438,2.997103,22.549259860251027,3.164268,150.985
RD_RateCapability_0025,3,20,CCCV_Chg,0.50000308,39.55705605499999,0.50000308,5.158475300099979,3.280028,98.75060417259805,3.553668,151.033
RD_RateCapability_0025,3,22,CC_DChg,-0.4999671799999999,102.327424495,-0.4999671799999999,4.242364009805888,2.986915,22.297753925660917,3.153888,150.93
RD_RateCapability_0034,1,2,CC_DChg,-0.3332996866666667,100.31591554849996,-0.3332996866666667,5.254320856042549,2.961443,24.80844315925537,3.151273,150.086
RD_RateCapability_0034,1,4,CCCV_Chg,0.1000025333333333,46.466581921499966,0.1000025333333333,5.2941527565008055,3.241328,98.06882464901288,3.456554,150.789
RD_RateCapability_0034,1,6,CC_DChg,-0.0999669733333333,110.85822185050004,-0.0999669733333333,4.008187496297855,3.038321,23.055963248408894,3.210277,151.939
RD_RateCapability_0034,1,8,CCCV_Chg,0.1999987066666666,43.567474797500005,0.1999987066666666,5.127360634464769,3.249245,96.19004960049536,3.468755,151.813
RD_RateCapability_0034,1,10,CC_DChg,-0.1999672466666666,106.808016871,-0.1999672466666666,4.507993903122998,3.00368,22.30242885327245,3.181102,151.553
RD_RateCapability_0034,1,12,CCCV_Chg,0.3000026,40.79806790199998,0.3000026,4.948012878028185,3.264373,94.625798279411,3.478222,151.576
RD_RateCapability_0034,1,14,CC_DChg,-0.29996714,103.45575872450004,-0.29996714,4.752176758761584,2.970809,23.049511758133512,3.1598,151.257
RD_RateCapability_0034,1,16,CCCV_Chg,0.4000044533333333,38.47059860349998,0.4000044533333333,5.01365135819445,3.286212,93.55840996383876,3.484954,151.267
RD_RateCapability_0034,1,18,CC_DChg,-0.3999665733333333,101.2712924235,-0.3999665733333333,5.006452466827705,2.957017,22.544588200258097,3.144989,151.105
RD_RateCapability_0034,1,20,CCCV_Chg,0.49999872,36.85726860199995,0.49999872,5.074861991818795,3.299674,96.24763367267238,3.53134,151.078
RD_RateCapability_0034,1,22,CC_DChg,-0.49996638,99.273756898,-0.49996638,5.255309983763546,2.947813,23.30163358626861,3.135352,150.895
RD_RateCapability_0034,2,4,CCCV_Chg,0.0999997266666666,46.60309567499999,0.0999997266666666,5.291822090889213,3.244508,98.2886219530779,3.455199,150.931
RD_RateCapability_0034,2,6,CC_DChg,-0.0999667666666666,111.2819492295,-0.0999667666666666,4.00694343989586,3.038634,22.80420288520969,3.209544,152.086
RD_RateCapability_0034,2,8,CCCV_Chg,0.1999980333333333,44.1166197255,0.1999980333333333,5.1158720341102,3.245768,96.51265314716603,3.465227,151.978
RD_RateCapability_0034,2,10,CC_DChg,-0.19996682,107.6668699975,-0.19996682,4.505775621077069,3.017011,22.0495543013872,3.186142,151.672
RD_RateCapability_0034,2,12,CCCV_Chg,0.30000076,41.60103347999997,0.30000076,5.1823239380915975,3.265609,95.49067946317926,3.477506,151.708
RD_RateCapability_0034,2,14,CC_DChg,-0.2999665933333333,103.9122951855,-0.2999665933333333,4.760046820132658,2.967755,21.549825747105167,3.158718,151.217
RD_RateCapability_0034,2,16,CCCV_Chg,0.3999977466666666,38.57399269800002,0.3999977466666666,5.015377492641953,3.285749,93.74582492807303,3.486247,151.195
RD_RateCapability_0034,2,18,CC_DChg,-0.3999662466666667,101.26499025449996,-0.3999662466666667,5.0065570730285724,2.952677,22.801393543601225,3.147479,150.982
RD_RateCapability_0034,2,20,CCCV_Chg,0.5000242466666667,36.64548169599999,0.5000242466666667,4.81695440753647,3.296366,92.65631417858042,3.492673,150.946
RD_RateCapability_0034,2,22,CC_DChg,-0.4999664466666667,99.57193438600002,-0.4999664466666667,5.007489693386535,2.948641,22.04753635483914,3.134275,150.874
RD_RateCapability_0034,3,4,CCCV_Chg,0.1000054933333333,47.07760920049999,0.1000054933333333,5.285576120510341,3.241929,98.45122484399634,3.44916,150.958
RD_RateCapability_0034,3,6,CC_DChg,0.0,111.4332778615,0.0,4.007317137367417,3.038605,22.81012291737952,3.210629,151.972
RD_RateCapability_0034,3,8,CCCV_Chg,0.1999957533333333,43.92882535800003,0.1999957533333333,5.122005849956521,3.245661,96.36485809902764,3.464801,151.796
RD_RateCapability_0034,3,10,CC_DChg,-0.1999666133333333,106.96180964799996,-0.1999666133333333,4.50313634862991,3.005625,22.798943545724647,3.183685,151.45
RD_RateCapability_0034,3,12,CCCV_Chg,0.2999962933333333,41.27015237949997,0.2999962933333333,4.925607614823029,3.262736,95.29618334719528,3.475333,151.494
RD_RateCapability_0034,3,14,CC_DChg,-0.2999672333333333,104.06763233449996,-0.2999672333333333,4.757306595943101,2.979804,22.79710844648444,3.164386,151.199
RD_RateCapability_0034,3,16,CCCV_Chg,0.4000006733333333,38.93005778950002,0.4000006733333333,5.005324813631523,3.280549,93.9766766548264,3.485944,151.179
RD_RateCapability_0034,3,18,CC_DChg,-0.39996726,101.600065934,-0.39996726,5.005364309461047,2.966681,23.295672790368084,3.151373,150.998
RD_RateCapability_0034,3,20,CCCV_Chg,0.4999970866666666,37.30045237600002,0.4999970866666666,5.0499364204726085,3.295508,93.55065169015576,3.490799,150.992
RD_RateCapability_0034,3,22,CC_DChg,-0.4999666733333333,100.24154960050002,-0.4999666733333333,4.7486903019425375,2.955359,22.534754187391137,3.138883,150.989
RD_RateCapability_0040,1,2,CC_DChg,-0.3332994066666667,103.42951814650002,-0.3332994066666667,4.4999273246211,2.998024,24.05555041689241,3.168641,151.358
RD_RateCapability_0040,1,4,CCCV_Chg,0.10000144,49.79195627799997,0.10000144,5.279446686477298,3.22115,98.32409846489236,3.42679,154.126
RD_RateCapability_0040,1,6,CC_DChg,-0.0999663933333333,110.69068595449998,-0.0999663933333333,4.006681102778087,3.052225,24.306802577374043,3.215285,151.472
RD_RateCapability_0040,1,8,CCCV_Chg,0.20000054,46.95749233949999,0.20000054,5.080993345236163,3.227421,97.8217821782178,3.461481,154.025
RD_RateCapability_0040,1,10,CC_DChg,-0.1999666733333333,108.20308743049996,-0.1999666733333333,4.257907542579076,3.031964,23.558887354507785,3.194181,152.07
RD_RateCapability_0040,1,12,CCCV_Chg,0.30002504,44.61393140299999,0.30002504,5.11100983136923,3.245837,97.17755062178529,3.469067,153.59
RD_RateCapability_0040,1,14,CC_DChg,-0.2999661666666667,105.7615334745,-0.2999661666666667,4.5086196131525424,3.016802,23.30614578746394,3.175994,152.153
RD_RateCapability_0040,1,16,CCCV_Chg,0.4000186866666667,42.67614583299999,0.4000186866666667,5.133040153462698,3.263823,96.82047735250748,3.474965,153.262
RD_RateCapability_0040,1,18,CC_DChg,-0.3999661,104.11150283349998,-0.3999661,4.501261299138093,3.003732,23.290019970569688,3.164904,152.224
RD_RateCapability_0040,1,20,CCCV_Chg,0.5000159866666667,41.23519068550002,0.5000159866666667,5.143461762035701,3.273195,96.578210009993,3.481919,153.107
RD_RateCapability_0040,1,22,CC_DChg,-0.4999665333333333,102.4617533605,-0.4999665333333333,4.504113766001616,2.989713,23.05548984044371,3.152714,152.172
RD_RateCapability_0040,2,4,CCCV_Chg,0.1000020133333333,49.905718614999984,0.1000020133333333,5.5300285801313,3.230004,98.3169478234383,3.422302,154.303
RD_RateCapability_0040,2,6,CC_DChg,-0.0999669,110.94948363449986,-0.0999669,4.006492735262679,3.053977,24.05677184369928,3.215181,151.554
RD_RateCapability_0040,2,8,CCCV_Chg,0.20000094,47.35339022149998,0.20000094,5.071791444717667,3.225075,97.95104037579398,3.457304,154.127
RD_RateCapability_0040,2,10,CC_DChg,-0.1999668533333333,108.7355000605,-0.1999668533333333,4.006598794602667,3.028098,22.803961905763423,3.195218,152.149
RD_RateCapability_0040,2,12,CCCV_Chg,0.3000064066666666,45.17674135300004,0.3000064066666666,5.100241412294458,3.239829,97.46289343371572,3.465853,153.679
RD_RateCapability_0040,2,14,CC_DChg,-0.2999665333333333,106.03968670450004,-0.2999665333333333,4.248675370436105,3.005437,22.54894226850208,3.175539,152.118
RD_RateCapability_0040,2,16,CCCV_Chg,0.40000088,42.73486824199998,0.40000088,5.135117493472585,3.260564,97.07702349869452,3.479177,153.2
RD_RateCapability_0040,2,18,CC_DChg,-0.3999668266666666,104.094437434,-0.3999668266666666,4.492417320194841,3.002849,23.293650532792533,3.164917,152.123
RD_RateCapability_0040,2,20,CCCV_Chg,0.5000217533333333,41.06227723000001,0.5000217533333333,5.147025182841942,3.273196,96.68106744400365,3.48495,153.001
RD_RateCapability_0040,2,22,CC_DChg,-0.4999669933333333,102.402808562,-0.4999669933333333,4.499664645773871,2.989119,23.295282683885908,3.15343,152.078
RD_RateCapability_0040,3,4,CCCV_Chg,0.1000057666666666,50.181293737,0.1000057666666666,5.527458989820399,3.227448,98.28049017700836,3.41621,154.23
RD_RateCapability_0040,3,6,CC_DChg,0.0,110.95770599999994,0.0,4.010251871032522,3.053614,24.066135137098964,3.214997,151.387
RD_RateCapability_0040,3,8,CCCV_Chg,0.1999990066666666,47.08888464850002,0.1999990066666666,5.077698664310587,3.225085,97.83989917363964,3.460508,153.928
RD_RateCapability_0040,3,10,CC_DChg,-0.19996728,108.12654193950002,-0.19996728,4.253105886535568,3.032552,23.8015919520176,3.19466,151.889
RD_RateCapability_0040,3,12,CCCV_Chg,0.30003058,44.76594096649998,0.30003058,5.100477782775051,3.244504,97.31124973112496,3.467141,153.417
RD_RateCapability_0040,3,14,CC_DChg,-0.2999669066666666,105.91490767649996,-0.2999669066666666,4.254059317350468,3.008894,23.046659122608503,3.176952,151.996
RD_RateCapability_0040,3,16,CCCV_Chg,0.4000237399999999,42.55187212749999,0.4000237399999999,5.139243648621282,3.260003,96.74150917512102,3.477892,153.077
RD_RateCapability_0040,3,18,CC_DChg,-0.3999664066666666,104.08389769,-0.3999664066666666,4.506247162623622,3.00639,24.058977952351825,3.168069,151.989
RD_RateCapability_0040,3,20,CCCV_Chg,0.5000469666666667,41.08672696799997,0.5000469666666667,5.151368465121147,3.271981,96.46174577424247,3.48278,152.872
RD_RateCapability_0040,3,22,CC_DChg,-0.49996694,102.4651568915,-0.49996694,4.498338214485487,2.993022,23.0366250946066,3.154491,151.945
RD_RateCapability_0043,1,2,CC_DChg,-0.33330038,105.027162698,-0.33330038,4.753286154206727,2.988032,22.05222690251889,3.161837,153.599
RD_RateCapability_0043,1,4,CCCV_Chg,0.0999995666666666,48.14649188000001,0.0999995666666666,5.027617129118202,3.234884,98.32152836441614,3.436496,153.89
RD_RateCapability_0043,1,6,CC_DChg,-0.0999672066666666,114.4854888515,-0.0999672066666666,3.757130426375333,3.051816,23.30593960488576,3.21994,155.145
RD_RateCapability_0043,1,8,CCCV_Chg,0.19999612,45.68461293399997,0.19999612,4.832061511865676,3.233655,97.41528894966685,3.463792,155.027
RD_RateCapability_0043,1,10,CC_DChg,-0.1999668866666666,110.8084135125,-0.1999668866666666,4.002403768488671,3.021959,22.04746796590784,3.194747,154.757
RD_RateCapability_0043,1,12,CCCV_Chg,0.2999961066666666,43.02273991050002,0.2999961066666666,5.127906976744185,3.263861,96.70865633074936,3.477278,154.8
RD_RateCapability_0043,1,14,CC_DChg,-0.2999664466666666,107.5558072465,-0.2999664466666666,4.504434467701913,3.004265,21.291923373434663,3.172978,154.359
RD_RateCapability_0043,1,16,CCCV_Chg,0.40000026,40.67105313299997,0.40000026,4.901655912306616,3.278145,96.1452745601078,3.487285,154.356
RD_RateCapability_0043,1,18,CC_DChg,-0.3999661933333333,105.34496203100004,-0.3999661933333333,4.500116734545633,2.985101,21.28719292329243,3.157747,154.196
RD_RateCapability_0043,1,20,CCCV_Chg,0.4999962466666666,38.716428832999966,0.4999962466666666,4.932761606974889,3.292194,95.44413666941286,3.494242,154.153
RD_RateCapability_0043,1,22,CC_DChg,-0.4999664066666667,102.90998856350002,-0.4999664066666667,4.744886023964856,2.967567,21.288955891144436,3.141914,153.892
RD_RateCapability_0043,2,4,CCCV_Chg,0.0999985266666666,48.20677949949997,0.0999985266666666,5.278304705974067,3.242868,98.31873814411558,3.434152,153.932
RD_RateCapability_0043,2,6,CC_DChg,-0.09996612,114.7830096015,-0.09996612,3.7583615811927262,3.055839,23.556136981710864,3.221852,155.174
RD_RateCapability_0043,2,8,CCCV_Chg,0.1999961866666667,46.230917745,0.1999961866666667,5.071566731141199,3.238164,97.93359123146358,3.464654,155.1
RD_RateCapability_0043,2,10,CC_DChg,-0.1999673066666666,111.52067025300003,-0.1999673066666666,4.00914456944319,3.034708,22.80265554163491,3.200257,154.846
RD_RateCapability_0043,2,12,CCCV_Chg,0.29999538,43.79338659350001,0.29999538,5.100657274570318,3.256847,97.28761250500382,3.474345,154.882
RD_RateCapability_0043,2,14,CC_DChg,-0.29996604,107.89784302650004,-0.29996604,4.25114326799757,3.003031,20.793874933606247,3.171338,154.382
RD_RateCapability_0043,2,16,CCCV_Chg,0.4000174666666666,40.80125038000002,0.4000174666666666,4.891765635832345,3.275293,96.23042483850692,3.485793,154.341
RD_RateCapability_0043,2,18,CC_DChg,-0.3999668133333333,105.3206519645,-0.3999668133333333,4.506755265992646,2.988608,20.79531738718512,3.155081,154.102
RD_RateCapability_0043,2,20,CCCV_Chg,0.4999978866666667,38.68382258049998,0.4999978866666667,4.936059720869848,3.291988,95.45472249269716,3.494546,154.05
RD_RateCapability_0043,2,22,CC_DChg,-0.49996628,103.89072029100002,-0.49996628,4.489525737870881,2.986146,21.782441658230155,3.149994,154.092
RD_RateCapability_0043,3,4,CCCV_Chg,0.1008952733333333,48.782732657,0.1008952733333333,5.276029841063898,3.237708,98.2614336685047,3.426421,154.15
RD_RateCapability_0043,3,6,CC_DChg,0.0,114.655557459,0.0,3.7580160255996753,3.054915,23.30873150023871,3.219783,155.002
RD_RateCapability_0043,3,8,CCCV_Chg,0.1999961866666667,45.872739791999976,0.1999961866666667,4.826566454878867,3.231114,97.63675809700912,3.467068,154.872
RD_RateCapability_0043,3,10,CC_DChg,-0.1999669933333333,110.81424112250002,-0.1999669933333333,4.001345642511955,3.026282,22.547922340900417,3.195836,154.573
RD_RateCapability_0043,3,12,CCCV_Chg,0.3000166266666667,43.46420336700002,0.3000166266666667,5.109234132270958,3.259673,97.1601712563542,3.477201,154.622
RD_RateCapability_0043,3,14,CC_DChg,-0.2999667666666666,107.944886167,-0.2999667666666666,4.251580483060458,3.003904,21.7993191765278,3.176699,154.225
RD_RateCapability_0043,3,16,CCCV_Chg,0.39999552,40.81162018199998,0.39999552,5.1448509335702655,3.281483,96.3766189126614,3.484682,154.193
RD_RateCapability_0043,3,18,CC_DChg,0.0,105.62850479100004,0.0,4.50838830312158,2.99531,22.29847296525217,3.164074,154.024
RD_RateCapability_0043,3,20,CCCV_Chg,0.5000030333333334,39.14311658199999,0.5000030333333334,4.910421496243482,3.287523,96.21685855102956,3.495236,153.999
RD_RateCapability_0043,3,22,CC_DChg,-0.4999670599999999,104.00062546799998,-0.4999670599999999,4.503094497444526,2.989048,22.05178493729828,3.151462,153.983
RD_RateCapability_0046,1,2,CC_DChg,-0.3333002866666666,106.52180924750002,-0.3333002866666666,4.497316590245937,3.006031,22.79791058774489,3.175021,153.536
RD_RateCapability_0046,1,4,CCCV_Chg,0.0999975666666666,48.85309059899999,0.0999975666666666,5.2771938020711655,3.232813,98.2902489034234,3.427877,154.116
RD_RateCapability_0046,1,6,CC_DChg,-0.0999662866666666,114.85607227549995,-0.0999662866666666,3.757609368551385,3.056128,23.55744428394553,3.223244,155.072
RD_RateCapability_0046,1,8,CCCV_Chg,0.20000156,46.59773126149999,0.20000156,5.075690115761353,3.23563,97.7873707847768,3.462645,154.974
RD_RateCapability_0046,1,10,CC_DChg,-0.1999660933333333,111.8348978445,-0.1999660933333333,4.007517728664256,3.037419,22.80248524225945,3.203166,154.834
RD_RateCapability_0046,1,12,CCCV_Chg,0.2999998533333333,44.42603804399998,0.2999998533333333,5.109031853961243,3.251918,97.38801392198266,3.475105,154.863
RD_RateCapability_0046,1,14,CC_DChg,-0.2999660333333333,109.08326028299996,-0.2999660333333333,4.248835403726714,3.01691,21.799301242236023,3.18324,154.56
RD_RateCapability_0046,1,16,CCCV_Chg,0.40001258,42.375596632000025,0.40001258,5.133332039161636,3.270046,96.90498838480902,3.48191,154.539
RD_RateCapability_0046,1,18,CC_DChg,-0.3999669066666667,107.0660463535,-0.3999669066666667,4.250565079694035,2.998741,21.792322688030676,3.169606,154.403
RD_RateCapability_0046,1,20,CCCV_Chg,0.5000306466666667,40.72657359749997,0.5000306466666667,5.155514093768423,3.281921,96.5761633594413,3.490134,154.359
RD_RateCapability_0046,1,22,CC_DChg,-0.4999664866666666,105.08076021999996,-0.4999664866666666,4.492057005338578,2.987254,21.79085501521137,3.156962,154.161
RD_RateCapability_0046,2,4,CCCV_Chg,0.0999987066666666,48.83647180449997,0.0999987066666666,5.277903884817433,3.236444,98.29560931318504,3.427841,154.19
RD_RateCapability_0046,2,6,CC_DChg,-0.0999673066666666,115.02682281399996,-0.0999673066666666,3.7575273046124513,3.057941,23.5561114621346,3.223598,155.102
RD_RateCapability_0046,2,8,CCCV_Chg,0.199998,46.95494702299999,0.199998,5.068206004708311,3.232794,98.10829114128155,3.462793,155.045
RD_RateCapability_0046,2,10,CC_DChg,-0.19996678,112.2057885855,-0.19996678,4.007671791957545,3.043967,23.306619826545184,3.205838,154.853
RD_RateCapability_0046,2,12,CCCV_Chg,0.2999957066666666,44.89966857449997,0.2999957066666666,5.092230909783513,3.248106,97.60916304565382,3.469851,154.883
RD_RateCapability_0046,2,14,CC_DChg,-0.2999666333333333,109.17994606150005,-0.2999666333333333,4.250472418523987,3.021739,22.04770779943569,3.183175,154.524
RD_RateCapability_0046,2,16,CCCV_Chg,0.4000013866666667,42.42151066249998,0.4000013866666667,5.135126387675179,3.269313,96.83140758002396,3.479301,154.485
RD_RateCapability_0046,2,18,CC_DChg,-0.3999663066666666,107.00952522250002,-0.3999663066666666,4.255801745870236,3.001234,21.54860116520961,3.167642,154.307
RD_RateCapability_0046,2,20,CCCV_Chg,0.5000428733333334,40.650612754999976,0.5000428733333334,5.159471022948269,3.282276,96.58109684947492,3.490573,154.26
RD_RateCapability_0046,2,22,CC_DChg,-0.49996612,105.70874850299997,-0.49996612,4.253360816188945,2.997595,22.0523989162421,3.161631,154.278
RD_RateCapability_0046,3,4,CCCV_Chg,0.1000104066666666,49.326223877500006,0.1000104066666666,5.273560268797346,3.231237,98.21989800216436,3.421398,154.317
RD_RateCapability_0046,3,6,CC_DChg,0.0,114.99751855399995,0.0,3.759592608608675,3.058694,23.810322905438987,3.223891,154.937
RD_RateCapability_0046,3,8,CCCV_Chg,0.2000018,46.7758433095,0.2000018,5.074817718592381,3.233114,97.72995873239346,3.457825,154.843
RD_RateCapability_0046,3,10,CC_DChg,-0.1999664466666666,111.8402250775,-0.1999664466666666,4.00791495305347,3.041076,23.305139546312827,3.204263,154.644
RD_RateCapability_0046,3,12,CCCV_Chg,0.3000051999999999,44.82059916749997,0.3000051999999999,5.0916707610354015,3.248385,97.62224923068966,3.47189,154.684
RD_RateCapability_0046,3,14,CC_DChg,-0.2999664066666667,109.48595269349994,-0.2999664066666667,4.005413946741276,3.015139,22.30144544606777,3.187067,154.416
RD_RateCapability_0046,3,16,CCCV_Chg,0.4000143933333333,42.642303125,0.4000143933333333,5.116944860061274,3.265708,97.17143060710282,3.48038,154.389
RD_RateCapability_0046,3,18,CC_DChg,0.0,107.587083765,0.0,4.252740201066896,3.01225,23.037782689577835,3.176606,154.277
RD_RateCapability_0046,3,20,CCCV_Chg,0.5000075599999999,41.22043909549997,0.5000075599999999,5.132161589180709,3.276387,96.9561017355731,3.487838,154.243
RD_RateCapability_0046,3,22,CC_DChg,-0.4999668466666666,105.99219550099996,-0.4999668466666666,4.245163717015044,3.002205,22.539056673519287,3.164522,154.199
RD_RateCapability_0049,1,2,CC_DChg,-0.33330036,101.64524950500002,-0.33330036,4.5009600794919,2.992567,24.307467135740467,3.163794,148.946
RD_RateCapability_0049,1,4,CCCV_Chg,0.0999988,46.74015185100001,0.0999988,5.280742397257521,3.230433,98.33081136092773,3.443427,149.354
RD_RateCapability_0049,1,6,CC_DChg,-0.0999672733333333,110.42811280850002,-0.0999672733333333,3.757931672758996,3.047021,23.305301986164096,3.215738,150.189
RD_RateCapability_0049,1,8,CCCV_Chg,0.19999652,43.70220256599999,0.19999652,5.089197621396764,3.243583,97.0114130289859,3.467601,150.004
RD_RateCapability_0049,1,10,CC_DChg,-0.19996612,107.04214959,-0.19996612,4.001813550959454,3.022612,23.04943259857849,3.191635,149.982
RD_RateCapability_0049,1,12,CCCV_Chg,0.30000054,41.40721193400002,0.30000054,5.117383100300708,3.262598,96.57485381286712,3.481924,149.979
RD_RateCapability_0049,1,14,CC_DChg,-0.2999661666666667,104.22795160949998,-0.2999661666666667,4.253515674535646,2.999206,22.800659418403647,3.171348,149.829
RD_RateCapability_0049,1,16,CCCV_Chg,0.39999638,39.36592281800004,0.39999638,5.15222326078248,3.280035,96.10094805715048,3.490301,149.78
RD_RateCapability_0049,1,18,CC_DChg,-0.39996682,102.34697951649996,-0.39996682,4.243241799337549,2.984983,22.041617694198106,3.156258,149.744
RD_RateCapability_0049,1,20,CCCV_Chg,0.4999958333333333,37.947237769500006,0.4999958333333333,4.912590098665972,3.284918,95.75275389620366,3.495425,149.697
RD_RateCapability_0049,1,22,CC_DChg,0.0,100.73410709700002,0.0,4.500548113686797,2.980591,23.050854255233823,3.148444,149.604
RD_RateCapability_0049,2,4,CCCV_Chg,0.1000052666666666,46.92017235,0.1000052666666666,5.276912588394134,3.234328,98.29895598005534,3.433513,149.614
RD_RateCapability_0049,2,6,CC_DChg,-0.09996722,110.89666886900002,-0.09996722,3.756218243728549,3.049903,23.807560320289436,3.219091,150.364
RD_RateCapability_0049,2,8,CCCV_Chg,0.1999964199999999,44.202845879999984,0.1999964199999999,5.08262426929786,3.241152,97.61315064115368,3.469799,150.198
RD_RateCapability_0049,2,10,CC_DChg,-0.1999661933333333,107.69956452249998,-0.1999661933333333,4.003411127470913,3.030539,24.302284522675333,3.198681,150.097
RD_RateCapability_0049,2,12,CCCV_Chg,0.2999964933333333,42.00977193799997,0.2999964933333333,5.113530368040934,3.256965,96.95253577805612,3.479717,150.092
RD_RateCapability_0049,2,14,CC_DChg,-0.29996614,104.922690586,-0.29996614,4.249839880444073,3.005509,23.807109308283525,3.179244,149.888
RD_RateCapability_0049,2,16,CCCV_Chg,0.3999957666666666,39.676184853,0.3999957666666666,5.1506414107030825,3.276776,96.12684046827653,3.488033,149.826
RD_RateCapability_0049,2,18,CC_DChg,-0.39996634,102.50691123349998,-0.39996634,4.498246785773907,2.997648,23.300717982968777,3.161121,149.725
RD_RateCapability_0049,2,20,CCCV_Chg,0.4999953266666666,37.99965778799999,0.4999953266666666,4.913180873736462,3.283228,95.76493696510532,3.494796,149.679
RD_RateCapability_0049,2,22,CC_DChg,-0.4999669133333333,100.6848562645,-0.4999669133333333,4.498265269969459,2.983496,23.551550561196866,3.150346,149.591
RD_RateCapability_0049,3,4,CCCV_Chg,0.0999976733333333,47.18909578950004,0.0999976733333333,5.278215995080082,3.232013,98.2887242974411,3.430342,149.596
RD_RateCapability_0049,3,6,CC_DChg,0.0,111.03055914450005,0.0,3.757046542119524,3.049529,23.812154328423773,3.218664,150.251
RD_RateCapability_0049,3,8,CCCV_Chg,0.2000004933333333,43.84824520100002,0.2000004933333333,5.092268628666254,3.242447,97.08032602248568,3.466882,150.051
RD_RateCapability_0049,3,10,CC_DChg,-0.19996662,107.007211138,-0.19996662,4.006005004170133,3.018586,23.55629691409509,3.192858,149.875
RD_RateCapability_0049,3,12,CCCV_Chg,0.3000002066666666,41.53833627799999,0.3000002066666666,5.112142923854888,3.262273,96.76113090234692,3.480141,149.898
RD_RateCapability_0049,3,14,CC_DChg,-0.29996662,104.75202608800004,-0.29996662,4.251099997996965,3.008185,23.297256514859157,3.17687,149.773
RD_RateCapability_0049,3,16,CCCV_Chg,0.39999566,39.87713281599999,0.39999566,5.142761729838036,3.276029,96.24711971948572,3.485497,149.725
RD_RateCapability_0049,3,18,CC_DChg,-0.3999670333333333,102.05737873350004,-0.3999670333333333,4.493532897288777,2.985531,22.79670425210333,3.157123,149.526
RD_RateCapability_0049,3,20,CCCV_Chg,0.5000016866666667,38.12931730750001,0.5000016866666667,4.906538929847332,3.285806,96.11972650762006,3.494635,149.474
RD_RateCapability_0049,3,22,CC_DChg,0.0,100.956074038,0.0,4.48889483542948,2.983321,23.290741236285783,3.151236,149.48
RD_RateCapability_0050,1,2,CC_DChg,-0.3332998,101.44844181000003,-0.3332998,4.250669289187581,3.004007,24.549937168770157,3.173592,146.424
RD_RateCapability_0050,1,4,CCCV_Chg,0.1000016866666666,46.9581156715,0.1000016866666666,5.277378870066494,3.218471,98.30598452313704,3.430423,146.929
RD_RateCapability_0050,1,6,CC_DChg,-0.0999662133333333,108.65530705749993,-0.0999662133333333,4.008049980349371,3.054078,23.306319370095807,3.214323,147.578
RD_RateCapability_0050,1,8,CCCV_Chg,0.19999632,44.24807022150001,0.19999632,5.075859823796314,3.231053,97.9612460408429,3.467198,147.443
RD_RateCapability_0050,1,10,CC_DChg,-0.1999664533333333,105.7872399535001,-0.1999664533333333,4.005370328932656,3.026254,22.804911952372244,3.192433,147.477
RD_RateCapability_0050,1,12,CCCV_Chg,0.2999969866666666,42.25184464700001,0.2999969866666666,5.102179189889211,3.24843,97.4790827603976,3.475008,147.486
RD_RateCapability_0050,1,14,CC_DChg,-0.29996622,103.621529894,-0.29996622,4.253558761096754,3.015785,23.04802208161244,3.177951,147.453
RD_RateCapability_0050,1,16,CCCV_Chg,0.3999960266666666,40.56490239049998,0.3999960266666666,5.120866002875824,3.2645,97.13095851759404,3.483054,147.436
RD_RateCapability_0050,1,18,CC_DChg,-0.3999669133333333,102.30556905950004,-0.3999669133333333,4.254294973491146,3.008119,23.80303461741854,3.170749,147.498
RD_RateCapability_0050,1,20,CCCV_Chg,0.50000064,39.44487622850003,0.50000064,5.127057738724813,3.272974,96.81745450600712,3.485098,147.492
RD_RateCapability_0050,1,22,CC_DChg,0.0,101.20430243450004,0.0,4.244112742506201,3.003232,24.312983826141178,3.165408,147.522
RD_RateCapability_0050,2,4,CCCV_Chg,0.10001524,47.02832564999998,0.10001524,5.280861539296202,3.219934,98.3296825515235,3.432196,147.457
RD_RateCapability_0050,2,6,CC_DChg,-0.0999663066666666,109.092152168,-0.0999663066666666,4.008304704195631,3.056905,23.55546839072685,3.215309,147.868
RD_RateCapability_0050,2,8,CCCV_Chg,0.1999957466666666,44.4999143435,0.1999957466666666,5.070864862669717,3.229692,97.9241400782424,3.46343,147.746
RD_RateCapability_0050,2,10,CC_DChg,-0.1999672666666666,106.35815189750016,-0.1999672666666666,4.004468971120978,3.032501,23.55621762535125,3.197103,147.685
RD_RateCapability_0050,2,12,CCCV_Chg,0.3000006133333333,42.72655104249998,0.3000006133333333,5.094717742481484,3.245631,97.59922005118416,3.471807,147.702
RD_RateCapability_0050,2,14,CC_DChg,-0.29996624,104.33434360050003,-0.29996624,3.997399184535977,3.014302,23.047017867060397,3.181788,147.646
RD_RateCapability_0050,2,16,CCCV_Chg,0.3999962933333333,40.89478212199997,0.3999962933333333,5.114379195653794,3.259855,97.0756589420348,3.479638,147.623
RD_RateCapability_0050,2,18,CC_DChg,-0.39996706,102.499165076,-0.39996706,4.257250672393576,3.011254,23.80307167004275,3.171971,147.607
RD_RateCapability_0050,2,20,CCCV_Chg,0.4999979133333333,39.511273599500015,0.4999979133333333,5.12415732240252,3.272874,97.00396354890071,3.487837,147.595
RD_RateCapability_0050,2,22,CC_DChg,-0.4999660933333333,101.19047621399996,-0.4999660933333333,4.237299619225709,3.001634,24.041627708443425,3.164049,147.594
RD_RateCapability_0050,3,4,CCCV_Chg,0.1000002133333333,47.258698423,0.1000002133333333,5.278498945927076,3.219707,98.28908034679338,3.425665,147.523
RD_RateCapability_0050,3,6,CC_DChg,0.0,109.2531068265,0.0,3.7563479236964343,3.044553,22.81127648208381,3.214496,147.883
RD_RateCapability_0050,3,8,CCCV_Chg,0.2000069133333333,44.32607929949998,0.2000069133333333,5.076382637417678,3.229758,97.73999444982164,3.462339,147.743
RD_RateCapability_0050,3,10,CC_DChg,-0.1999663066666666,105.92356594550009,-0.1999663066666666,4.007558619942275,3.026244,23.0571773024667,3.193544,147.646
RD_RateCapability_0050,3,12,CCCV_Chg,0.2999955666666666,42.29188776399999,0.2999955666666666,5.09602882219092,3.249841,97.41236862065227,3.47266,147.664
RD_RateCapability_0050,3,14,CC_DChg,-0.2999672266666666,103.95364065500006,-0.2999672266666666,4.251830875229501,3.022122,23.552406051203533,3.181893,147.607
RD_RateCapability_0050,3,16,CCCV_Chg,0.3999976733333333,40.97269122999997,0.3999976733333333,5.103866010813448,3.260952,97.1733268290039,3.478551,147.594
RD_RateCapability_0050,3,18,CC_DChg,-0.3999671333333333,102.5869260475,-0.3999671333333333,4.25397857767118,3.01101,23.801006754605268,3.172832,147.603
RD_RateCapability_0050,3,20,CCCV_Chg,0.49999658,39.34929956499997,0.49999658,5.124851770286296,3.27391,96.77723191597492,3.487167,147.575
RD_RateCapability_0050,3,22,CC_DChg,-0.4999662399999999,101.43218163650003,-0.4999662399999999,4.237919726821859,3.006583,24.04265698257405,3.166393,147.596
RD_RateCapability_0056,1,2,CC_DChg,-0.33329988,104.4084745125,-0.33329988,5.003558437450584,2.986934,22.54929094838948,3.169122,151.752
RD_RateCapability_0056,1,4,CCCV_Chg,0.09999904,47.948408706,0.09999904,5.284534174939471,3.236906,98.42526918054944,3.443486,152.407
RD_RateCapability_0056,1,6,CC_DChg,-0.0999667466666666,113.43285994850004,-0.0999667466666666,4.0097592713077335,3.05392,23.80741704619388,3.22147,153.7
RD_RateCapability_0056,1,8,CCCV_Chg,0.1999991066666666,45.76437680999998,0.1999991066666666,5.101568962036199,3.236725,97.22419418917424,3.461895,153.541
RD_RateCapability_0056,1,10,CC_DChg,-0.1999672066666666,109.928049457,-0.1999672066666666,4.255832925436442,3.018403,22.05123184858867,3.196274,153.225
RD_RateCapability_0056,1,12,CCCV_Chg,0.3000056933333333,43.35786108799998,0.3000056933333333,5.155480144875518,3.258338,96.22018468365582,3.467227,153.235
RD_RateCapability_0056,1,14,CC_DChg,-0.2999671933333333,107.1224402245,-0.2999671933333333,4.757202184362841,3.003466,21.549328014126424,3.177096,152.905
RD_RateCapability_0056,1,16,CCCV_Chg,0.39999622,41.34462508750003,0.39999622,5.200020930901861,3.276353,95.82886371366529,3.4774,152.884
RD_RateCapability_0056,1,18,CC_DChg,-0.3999671533333333,105.33630211099997,-0.3999671533333333,4.750062173588665,2.987344,21.799369101689813,3.166296,152.798
RD_RateCapability_0056,1,20,CCCV_Chg,0.4999961866666666,40.53373235600005,0.4999961866666666,5.178808553505197,3.285849,95.38178749681109,3.483667,152.873
RD_RateCapability_0056,1,22,CC_DChg,-0.4999668799999999,102.6131209065,-0.4999668799999999,4.73728468380874,2.971231,22.038129524760546,3.15309,152.218
RD_RateCapability_0056,2,4,CCCV_Chg,0.1000326199999999,48.02191759449999,0.1000326199999999,5.282934584105211,3.238428,98.38989397343424,3.435594,152.226
RD_RateCapability_0056,2,6,CC_DChg,-0.0999664266666666,113.87061717350004,-0.0999664266666666,4.007315612715113,3.061587,23.806331519616787,3.22451,153.644
RD_RateCapability_0056,2,8,CCCV_Chg,0.19999802,46.1836009545,0.19999802,5.0921100630569605,3.23162,97.3402730731148,3.457225,153.512
RD_RateCapability_0056,2,10,CC_DChg,0.0,110.4706532595,0.0,4.255402468394509,3.031907,23.313992572625764,3.206899,153.217
RD_RateCapability_0056,2,12,CCCV_Chg,0.2999990333333333,43.57917267450001,0.2999990333333333,5.147903503733486,3.255472,96.40815101039112,3.468123,153.208
RD_RateCapability_0056,2,14,CC_DChg,-0.2999673133333333,106.7602882745,-0.2999673133333333,4.750430517996652,2.996973,21.546198018635053,3.17492,152.723
RD_RateCapability_0056,2,16,CCCV_Chg,0.4000025,41.08065770149997,0.4000025,5.218410831133615,3.277654,95.33965193127707,3.476429,152.671
RD_RateCapability_0056,2,18,CC_DChg,-0.3999661066666667,104.6548525655,-0.3999661066666667,4.754410125254116,2.973791,21.302380483966164,3.160919,152.49
RD_RateCapability_0056,2,20,CCCV_Chg,0.5000146333333333,39.31278709400002,0.5000146333333333,5.001803929285972,3.285646,94.79287611925614,3.48316,152.445
RD_RateCapability_0056,2,22,CC_DChg,-0.4999672333333333,102.74297148649995,-0.4999672333333333,5.007289299833195,2.965772,21.79500650126741,3.150406,152.278
RD_RateCapability_0056,3,4,CCCV_Chg,0.0999994199999999,47.98532357799997,0.0999994199999999,5.283479768330641,3.240608,98.41876469274916,3.440677,152.286
RD_RateCapability_0056,3,6,CC_DChg,0.0,114.01780830749996,0.0,4.009113100081363,3.062019,24.312449145646863,3.22614,153.625
RD_RateCapability_0056,3,8,CCCV_Chg,0.1999958333333333,46.178198834000014,0.1999958333333333,5.097587033562643,3.231515,97.17662080466958,3.457446,153.504
RD_RateCapability_0056,3,10,CC_DChg,-0.19996728,110.0394905905,-0.19996728,4.256583760058541,3.023677,22.555909708433497,3.19835,153.104
RD_RateCapability_0056,3,12,CCCV_Chg,0.2999956266666667,43.70464379850001,0.2999956266666667,5.143226615462988,3.2551,96.5254646864428,3.467495,153.114
RD_RateCapability_0056,3,14,CC_DChg,-0.2999661733333333,107.58817133599996,-0.2999661733333333,4.502182063243854,3.006777,22.299574056020464,3.18279,152.837
RD_RateCapability_0056,3,16,CCCV_Chg,0.3999954933333333,41.62027219900003,0.3999954933333333,5.191821882485373,3.270728,95.9259937957303,3.47742,152.798
RD_RateCapability_0056,3,18,CC_DChg,-0.3999663466666666,105.1321287995,-0.3999663466666666,4.745549408772698,2.986991,22.039930783146744,3.165056,152.564
RD_RateCapability_0056,3,20,CCCV_Chg,0.4999957933333333,39.75282002450001,0.4999957933333333,5.231479356670317,3.286566,95.17043778152228,3.482082,152.519
RD_RateCapability_0056,3,22,CC_DChg,-0.49996732,103.286542852,-0.49996732,4.756560206881167,2.970388,21.54858950629439,3.153025,152.358
RD_RateCapability_0057,1,2,CC_DChg,-0.3332993666666667,100.228094602,-0.3332993666666667,4.25564033594994,2.995815,24.55604654992589,3.168334,145.736
RD_RateCapability_0057,1,4,CCCV_Chg,0.0999987066666666,46.86279040149998,0.0999987066666666,5.2801289802499,3.215649,98.32831212127422,3.432079,146.379
RD_RateCapability_0057,1,6,CC_DChg,-0.0999664666666666,107.99640098100006,-0.0999664666666666,4.005442176870755,3.053867,23.30544217687075,3.213874,147.0
RD_RateCapability_0057,1,8,CCCV_Chg,0.20000054,44.04756420449998,0.20000054,5.332961144887969,3.237619,97.5714703939978,3.461828,146.879
RD_RateCapability_0057,1,10,CC_DChg,-0.1999664,105.0262027055,-0.1999664,4.000299545915631,3.024429,22.80157125448469,3.190141,146.889
RD_RateCapability_0057,1,12,CCCV_Chg,0.2999964866666667,41.96846791199998,0.2999964866666667,5.360886492961965,3.254537,97.09153529908248,3.471686,146.916
RD_RateCapability_0057,1,14,CC_DChg,-0.2999665733333333,102.646288117,-0.2999665733333333,4.255246707614379,3.010028,22.802919906846263,3.172467,146.854
RD_RateCapability_0057,1,16,CCCV_Chg,0.4000016733333333,40.083847906500026,0.4000016733333333,5.1302831769208765,3.262158,96.60977702711908,3.481007,146.834
RD_RateCapability_0057,1,18,CC_DChg,-0.39996636,101.00868727600002,-0.39996636,4.249812708574552,2.994412,23.297691207518916,3.16161,146.83
RD_RateCapability_0057,1,20,CCCV_Chg,0.50003538,38.798073943500015,0.50003538,5.151065220944804,3.272569,96.66198986541708,3.490472,146.824
RD_RateCapability_0057,1,22,CC_DChg,0.0,99.741094645,0.0,3.990573555554045,2.97722,19.28743163443921,3.167464,146.821
RD_RateCapability_0057,2,4,CCCV_Chg,0.10000212,46.93595828349999,0.10000212,5.532051151034533,3.22516,98.33970336760206,3.432704,146.781
RD_RateCapability_0057,2,6,CC_DChg,-0.0999664466666666,108.40167872650002,-0.0999664466666666,4.0089918774279365,3.057239,24.057346988671867,3.216408,147.244
RD_RateCapability_0057,2,8,CCCV_Chg,0.1999958333333333,44.25888857949998,0.1999958333333333,5.080575549347851,3.227622,97.55316762840772,3.458884,147.129
RD_RateCapability_0057,2,10,CC_DChg,-0.1999668799999999,105.53893328999996,-0.1999668799999999,4.004053015620412,3.030171,24.05423968555126,3.196911,147.051
RD_RateCapability_0057,2,12,CCCV_Chg,0.3000136533333333,42.44509977999999,0.3000136533333333,5.098884364101135,3.24368,97.46007573542909,3.472071,147.091
RD_RateCapability_0057,2,14,CC_DChg,-0.2999662066666667,103.31396259150006,-0.2999662066666667,4.004299553717205,3.008376,23.053635572003905,3.17715,146.992
RD_RateCapability_0057,2,16,CCCV_Chg,0.4000065733333333,40.30893844900001,0.4000065733333333,5.398931645741893,3.265717,96.65543873975024,3.480984,146.955
RD_RateCapability_0057,2,18,CC_DChg,-0.3999661733333333,100.89128926549998,-0.3999661733333333,4.247062187665951,2.994446,22.53979493184819,3.159155,146.878
RD_RateCapability_0057,2,20,CCCV_Chg,0.49999966,38.66369059250004,0.49999966,5.149697336973914,3.273127,96.42387803599271,3.487934,146.863
RD_RateCapability_0057,2,22,CC_DChg,-0.4999668,99.3383860665,-0.4999668,4.253681529009501,2.983327,22.54553380467803,3.148697,146.814
RD_RateCapability_0057,3,4,CCCV_Chg,0.10000338,47.210849343500016,0.10000338,5.530044965254122,3.225506,98.28450742607984,3.423698,146.78
RD_RateCapability_0057,3,6,CC_DChg,0.0,108.5870028695,0.0,4.0099705908322125,3.058571,24.566503433333565,3.218495,147.233
RD_RateCapability_0057,3,8,CCCV_Chg,0.2000073666666666,44.089924164,0.2000073666666666,5.081749889527176,3.226835,97.4166355076651,3.461207,147.095
RD_RateCapability_0057,3,10,CC_DChg,-0.1999660933333333,105.12433225949992,-0.1999660933333333,4.004382025530051,3.024563,23.05190386761383,3.191102,146.964
RD_RateCapability_0057,3,12,CCCV_Chg,0.3000169466666667,41.94628114400001,0.3000169466666667,5.110482203113095,3.2466,97.13453793403724,3.474623,146.992
RD_RateCapability_0057,3,14,CC_DChg,-0.2999661799999999,102.74501063199996,-0.2999661799999999,4.25088673606242,3.011944,23.049691259267323,3.174354,146.887
RD_RateCapability_0057,3,16,CCCV_Chg,0.4000052,40.224452679499976,0.4000052,5.129060591411394,3.260253,96.8019119078907,3.482248,146.869
RD_RateCapability_0057,3,18,CC_DChg,-0.39996612,100.8394096845,-0.39996612,4.25484092874997,2.993265,23.30388704613101,3.161009,146.821
RD_RateCapability_0057,3,20,CCCV_Chg,0.5000113533333334,38.28496578599997,0.5000113533333334,5.16688127209925,3.276016,96.15140924234062,3.490841,146.781
RD_RateCapability_0057,3,22,CC_DChg,-0.4999663066666666,99.234234387,-0.4999663066666666,4.2516079799411415,2.985008,23.30208219775428,3.150677,146.768
RD_RateCapability_0065,1,2,CC_DChg,-0.3333005933333333,103.64632808950005,-0.3333005933333333,4.506618294622555,2.98031,21.796337920790776,3.159336,152.154
RD_RateCapability_0065,1,4,CCCV_Chg,0.1000001266666666,49.31841735049998,0.1000001266666666,5.029092319627618,3.228838,98.32492888544093,3.42777,154.68
RD_RateCapability_0065,1,6,CC_DChg,-0.0999663266666666,112.17932026099996,-0.0999663266666666,3.756845349088278,3.047474,23.30591922324508,3.216037,152.841
RD_RateCapability_0065,1,8,CCCV_Chg,0.2000055866666666,46.663942421500025,0.2000055866666666,5.085773640170063,3.236273,97.45291965858284,3.457011,155.001
RD_RateCapability_0065,1,10,CC_DChg,-0.1999672,109.18869419900004,-0.1999672,4.006709394457564,3.019887,22.053544622694453,3.191652,153.218
RD_RateCapability_0065,1,12,CCCV_Chg,0.3000020266666666,44.01986751750002,0.3000020266666666,5.129084660639048,3.257158,96.9536149529807,3.472171,154.511
RD_RateCapability_0065,1,14,CC_DChg,-0.2999669333333333,106.298260581,-0.2999669333333333,4.506328452566,3.007357,21.552658733787013,3.171662,153.118
RD_RateCapability_0065,1,16,CCCV_Chg,0.3999987333333333,41.70030379899998,0.3999987333333333,5.160461131017293,3.277149,96.36495819701923,3.480176,154.056
RD_RateCapability_0065,1,18,CC_DChg,-0.3999663733333333,104.146586229,-0.3999663733333333,4.508153878319055,2.986539,21.801170813297094,3.157284,153.056
RD_RateCapability_0065,1,20,CCCV_Chg,0.50000686,39.83215647099996,0.50000686,4.93078178543329,3.283304,95.61607137051416,3.430118,153.789
RD_RateCapability_0065,1,22,CC_DChg,-0.4999671266666666,101.89792273750002,-0.4999671266666666,4.755393000386032,2.973292,21.54975562200252,3.141869,152.837
RD_RateCapability_0065,2,4,CCCV_Chg,0.0999978133333333,49.371059247500014,0.0999978133333333,5.279483037156704,3.237123,98.3179321486268,3.425135,154.75
RD_RateCapability_0065,2,6,CC_DChg,-0.0999670466666666,112.46789367399998,-0.0999670466666666,3.7567774384062447,3.051922,23.557689163292928,3.218336,152.897
RD_RateCapability_0065,2,8,CCCV_Chg,0.1999995933333333,47.1240546455,0.1999995933333333,5.077238498040025,3.23332,97.99489374871054,3.461914,155.104
RD_RateCapability_0065,2,10,CC_DChg,-0.1999668933333333,109.85134522500002,-0.1999668933333333,4.001382710896017,3.033363,23.552393002961093,3.199111,153.322
RD_RateCapability_0065,2,12,CCCV_Chg,0.2999959333333333,44.644466328500016,0.2999959333333333,5.109201089100587,3.250973,97.36067726017475,3.46938,154.623
RD_RateCapability_0065,2,14,CC_DChg,-0.2999670066666666,106.68731642250002,-0.2999670066666666,4.259957961800054,3.003852,22.30113450918443,3.174469,153.194
RD_RateCapability_0065,2,16,CCCV_Chg,0.3999956133333333,41.924921466,0.3999956133333333,5.158753333722673,3.273319,96.28959099846212,3.478162,154.107
RD_RateCapability_0065,2,18,CC_DChg,-0.3999668533333333,104.21969526000002,-0.3999668533333333,4.500294136871707,2.986874,21.78965945486634,3.157245,152.99
RD_RateCapability_0065,2,20,CCCV_Chg,0.49999594,39.830398571,0.49999594,5.190336178184846,3.288674,96.02024354704412,3.48916,153.728
RD_RateCapability_0065,2,22,CC_DChg,-0.4999671066666666,102.543821758,-0.4999671066666666,4.502637651411656,2.981667,21.798701765624905,3.146016,152.977
RD_RateCapability_0065,3,4,CCCV_Chg,0.0999984933333333,49.80439649999997,0.0999984933333333,5.277700665603596,3.232932,98.28724894607384,3.418616,154.897
RD_RateCapability_0065,3,6,CC_DChg,0.0,112.33773893899996,0.0,3.757113761239572,3.04995,23.561694073884887,3.217389,152.697
RD_RateCapability_0065,3,8,CCCV_Chg,0.20000414,46.78004549250003,0.20000414,5.084264221605217,3.234497,97.66449280041324,3.460235,154.87
RD_RateCapability_0065,3,10,CC_DChg,-0.19996646,109.09151517899996,-0.19996646,4.005281114785808,3.020489,22.55192878338278,3.193178,152.998
RD_RateCapability_0065,3,12,CCCV_Chg,0.2999955666666666,44.371567117,0.2999955666666666,5.111106790831502,3.254802,97.1602802133354,3.467974,154.311
RD_RateCapability_0065,3,14,CC_DChg,-0.29996678,106.72632125299997,-0.29996678,4.252872060956969,3.007984,22.29817155254663,3.175885,153.026
RD_RateCapability_0065,3,16,CCCV_Chg,0.3999996933333333,41.70045017400002,0.3999996933333333,5.164483941378235,3.273031,96.34198628001246,3.480536,153.936
RD_RateCapability_0065,3,18,CC_DChg,0.0,104.45656305649996,0.0,4.24915468178757,2.985358,21.799726620493,3.160796,152.901
RD_RateCapability_0065,3,20,CCCV_Chg,0.5000008666666667,39.9978796185,0.5000008666666667,5.179404739435199,3.286405,96.13855135472868,3.488347,153.647
RD_RateCapability_0065,3,22,CC_DChg,-0.4999660199999999,102.535573679,-0.4999660199999999,4.488161149723169,2.979735,21.790945144697066,3.146697,152.802
RD_RateCapability_0074,1,2,CC_DChg,-0.3332998533333333,103.86233871049996,-0.3332998533333333,4.75568107185077,2.994394,22.54367529226323,3.162851,152.26
RD_RateCapability_0074,1,4,CCCV_Chg,0.09999956,49.58647280350002,0.09999956,5.277611247558451,3.232681,98.30783809394885,3.42435,155.127
RD_RateCapability_0074,1,6,CC_DChg,-0.0999662533333333,112.05844195800007,-0.0999662533333333,3.757180054169351,3.044401,23.555157208839816,3.215255,152.854
RD_RateCapability_0074,1,8,CCCV_Chg,0.1999976866666666,46.9874106665,0.1999976866666666,5.08428756251569,3.233524,97.64548374431163,3.457554,155.361
RD_RateCapability_0074,1,10,CC_DChg,-0.1999671266666666,109.26013460600004,-0.1999671266666666,4.255083275729399,3.031872,22.797464557275703,3.193353,153.346
RD_RateCapability_0074,1,12,CCCV_Chg,0.3000011866666666,44.46545670150001,0.3000011866666666,5.117822939470846,3.253549,97.06427468986315,3.468734,154.851
RD_RateCapability_0074,1,14,CC_DChg,-0.2999660333333333,106.55713683199996,-0.2999660333333333,4.5093945720250606,3.009522,21.545537578288094,3.172041,153.28
RD_RateCapability_0074,1,16,CCCV_Chg,0.3999958666666667,42.30245878049997,0.3999958666666667,5.150278533488794,3.273296,96.6265060240964,3.477188,154.38
RD_RateCapability_0074,1,18,CC_DChg,-0.39996694,104.66484735500002,-0.39996694,4.493201805892633,2.992151,21.7940186330541,3.158986,153.276
RD_RateCapability_0074,1,20,CCCV_Chg,0.4999959333333333,40.643522336,0.4999959333333333,5.176093570589876,3.284187,96.26859378142213,3.485073,154.151
RD_RateCapability_0074,1,22,CC_DChg,-0.4999670466666667,102.63308962050002,-0.4999670466666667,4.745760497504648,2.980812,21.799142954195084,3.14608,153.084
RD_RateCapability_0074,2,4,CCCV_Chg,0.1000039466666666,49.679474288500025,0.1000039466666666,5.279363075377143,3.234359,98.30784690104736,3.422647,155.246
RD_RateCapability_0074,2,6,CC_DChg,-0.0999664533333333,112.36724861149987,-0.0999664533333333,3.757520272037651,3.048862,23.55806957886476,3.216689,152.92
RD_RateCapability_0074,2,8,CCCV_Chg,0.2000028866666666,47.491055691,0.2000028866666666,5.071205279610976,3.229753,97.93909922426768,3.45455,155.466
RD_RateCapability_0074,2,10,CC_DChg,-0.1999672066666666,109.96318720499998,-0.1999672066666666,4.004170331997525,3.033031,23.553253184765254,3.197969,153.465
RD_RateCapability_0074,2,12,CCCV_Chg,0.2999955333333333,45.13327532800002,0.2999955333333333,5.097629279750152,3.2465,97.74542826538644,3.472226,154.974
RD_RateCapability_0074,2,14,CC_DChg,-0.2999669266666666,106.9632148585,-0.2999669266666666,4.251018744906288,3.006785,22.54800325998369,3.175184,153.375
RD_RateCapability_0074,2,16,CCCV_Chg,0.3999978266666666,42.54820949950002,0.3999978266666666,5.147263533418366,3.268952,96.79833733676053,3.479462,154.451
RD_RateCapability_0074,2,18,CC_DChg,-0.3999665266666666,104.778499441,-0.3999665266666666,4.498531810766727,2.99432,22.55269168026101,3.161496,153.25
RD_RateCapability_0074,2,20,CCCV_Chg,0.4999955399999999,40.67975172100002,0.4999955399999999,5.163408446500522,3.282638,96.43596348371106,3.485641,154.123
RD_RateCapability_0074,2,22,CC_DChg,-0.4999663466666666,103.33479805800005,-0.4999663466666666,4.495928806305127,2.990326,22.044469961897807,3.150379,153.272
RD_RateCapability_0074,3,4,CCCV_Chg,0.1000017533333333,50.17734252399997,0.1000017533333333,5.277649117389738,3.228801,98.2765941022078,3.417208,155.448
RD_RateCapability_0074,3,6,CC_DChg,0.0,112.25963159799996,0.0,3.75852722820893,3.047422,23.559373076872717,3.215857,152.746
RD_RateCapability_0074,3,8,CCCV_Chg,0.1999958733333333,47.166993661,0.1999958733333333,5.077322409650971,3.230712,97.83265382361088,3.45975,155.259
RD_RateCapability_0074,3,10,CC_DChg,-0.19996604,109.27787425450002,-0.19996604,4.006945895132652,3.021443,22.803295383329846,3.193466,153.184
RD_RateCapability_0074,3,12,CCCV_Chg,0.29999558,44.849428049500034,0.29999558,5.106658047834519,3.250076,97.55462184873952,3.471775,154.7
RD_RateCapability_0074,3,14,CC_DChg,-0.29996628,107.014404109,-0.29996628,4.256402224136591,3.009431,22.546793014331577,3.177174,153.228
RD_RateCapability_0074,3,16,CCCV_Chg,0.3999959666666666,42.38196219750001,0.3999959666666666,5.1417646868215545,3.267961,96.79271572534914,3.479395,154.305
RD_RateCapability_0074,3,18,CC_DChg,0.0,105.07513527399998,0.0,4.244901156869407,3.0035,24.040947431645463,3.168597,153.172
RD_RateCapability_0074,3,20,CCCV_Chg,0.4999957533333333,40.84608469849998,0.4999957533333333,5.152223304122038,3.27994,96.5900681596884,3.487845,154.05
RD_RateCapability_0074,3,22,CC_DChg,-0.4999664333333333,103.26052984950002,-0.4999664333333333,4.492693983395702,2.98701,22.53793445813982,3.15179,153.093
RD_RateCapability_0078,1,2,CC_DChg,-0.3333005333333333,103.500048938,-0.3333005333333333,4.506607060679779,2.988428,22.79600289264349,3.161412,152.11
RD_RateCapability_0078,1,4,CCCV_Chg,0.10008634,49.785195359,0.10008634,5.028070107435187,3.222654,98.3300062665142,3.427512,154.791
RD_RateCapability_0078,1,6,CC_DChg,-0.09996724,111.245840134,-0.09996724,3.7557113596975,3.043285,23.55640460059871,3.212506,152.328
RD_RateCapability_0078,1,8,CCCV_Chg,0.2000072,47.00182602699998,0.2000072,5.085960810653716,3.234466,97.66853098076702,3.460748,154.838
RD_RateCapability_0078,1,10,CC_DChg,-0.1999664533333333,108.53581192849998,-0.1999664533333333,4.005363157722631,3.01799,22.554040354491644,3.189506,152.895
RD_RateCapability_0078,1,12,CCCV_Chg,0.3000045266666666,44.540410187500015,0.3000045266666666,5.117011147311626,3.253492,97.05609928297072,3.469505,154.387
RD_RateCapability_0078,1,14,CC_DChg,-0.29996694,106.01148484450005,-0.29996694,4.255319148936154,3.000365,21.55056297323098,3.169131,152.938
RD_RateCapability_0078,1,16,CCCV_Chg,0.4000061266666667,42.50738498950001,0.4000061266666667,5.140208153433623,3.271267,96.74395050025647,3.476865,154.021
RD_RateCapability_0078,1,18,CC_DChg,-0.3999671933333333,104.34175477999996,-0.3999671933333333,4.250076792868384,2.988061,22.288884967550928,3.159164,153.009
RD_RateCapability_0078,1,20,CCCV_Chg,0.50001214,41.43157917150002,0.50001214,5.013722863200614,3.277443,94.83994328750371,3.465155,153.758
RD_RateCapability_0078,1,22,CC_DChg,-0.4999662733333333,100.998278393,-0.4999662733333333,4.4953706743712685,2.974733,22.80057784490117,3.143189,152.29
RD_RateCapability_0078,2,4,CCCV_Chg,0.10000518,49.89057227600002,0.10000518,5.277055100376655,3.231367,98.29599140553204,3.419282,154.518
RD_RateCapability_0078,2,6,CC_DChg,-0.0999661866666666,111.64907610250005,-0.0999661866666666,3.757417252051853,3.050172,23.30676374532623,3.21542,152.179
RD_RateCapability_0078,2,8,CCCV_Chg,0.19999602,47.39320210549997,0.19999602,5.07881929408419,3.229239,97.85032413182438,3.459728,154.721
RD_RateCapability_0078,2,10,CC_DChg,0.0,108.94699105700003,0.0,4.005969680307908,3.027367,23.5671458120598,3.195213,152.772
RD_RateCapability_0078,2,12,CCCV_Chg,0.2999947266666666,44.53185722849999,0.2999947266666666,4.870268798381764,3.243594,96.9366320457463,3.469871,154.242
RD_RateCapability_0078,2,14,CC_DChg,-0.2999666133333333,105.37089353000005,-0.2999666133333333,4.501470790558115,3.001877,22.051376122747136,3.167224,152.639
RD_RateCapability_0078,2,16,CCCV_Chg,0.40000208,41.941100388,0.40000208,4.900978504137823,3.266468,96.37940456982253,3.481445,153.704
RD_RateCapability_0078,2,18,CC_DChg,-0.3999664799999999,103.25323692249997,-0.3999664799999999,4.4945366832062845,2.978269,22.04007524760262,3.153162,152.563
RD_RateCapability_0078,2,20,CCCV_Chg,0.4999950199999999,39.93970030700002,0.4999950199999999,4.9294351553078455,3.28267,95.92386167334833,3.48946,153.405
RD_RateCapability_0078,2,22,CC_DChg,-0.4999672533333333,101.250829727,-0.4999672533333333,4.755219983862835,2.970934,22.303418326850043,3.140276,152.443
RD_RateCapability_0078,3,4,CCCV_Chg,0.1000218733333333,49.84422128999998,0.1000218733333333,5.279163512368087,3.233774,98.31900149465226,3.42292,154.551
RD_RateCapability_0078,3,6,CC_DChg,0.0,111.79440540399996,0.0,3.7546094535702457,3.050596,24.057239389218644,3.217819,152.133
RD_RateCapability_0078,3,8,CCCV_Chg,0.1999995933333333,47.31508049149998,0.1999995933333333,4.832192201511596,3.220033,97.45071797557398,3.454635,154.671
RD_RateCapability_0078,3,10,CC_DChg,-0.19996654,108.502479974,-0.19996654,4.005424421689829,3.021753,22.802224799040893,3.190552,152.643
RD_RateCapability_0078,3,12,CCCV_Chg,0.29999634,44.661691622000006,0.29999634,5.11785735140501,3.251179,97.01739474589137,3.467449,154.127
RD_RateCapability_0078,3,14,CC_DChg,-0.29996614,106.090875638,-0.29996614,4.251529162137036,3.006005,22.801870358485388,3.174278,152.698
RD_RateCapability_0078,3,16,CCCV_Chg,0.3999948133333333,42.37241999850001,0.3999948133333333,5.14818259269135,3.267698,96.613619661427,3.47866,153.763
RD_RateCapability_0078,3,18,CC_DChg,-0.39996622,103.55964292550004,-0.39996622,4.493284653351781,2.988084,22.290100353301305,3.154316,152.561
RD_RateCapability_0078,3,20,CCCV_Chg,0.4999954,40.24506026850001,0.4999954,4.916686223891106,3.278496,95.97055985814494,3.48651,153.396
RD_RateCapability_0078,3,22,CC_DChg,-0.4999667533333333,101.39997493250002,-0.4999667533333333,4.50232301756045,2.965353,22.043074257815576,3.140972,152.388
RD_RateCapability_0080,1,2,CC_DChg,-0.3333005866666667,101.6642738775,-0.3333005866666667,4.749785107983239,2.981345,22.798028365746216,3.160824,148.912
RD_RateCapability_0080,1,4,CCCV_Chg,0.1000004066666666,47.07547781400002,0.1000004066666666,5.283370419023618,3.233713,98.3961555990456,3.442215,149.204
RD_RateCapability_0080,1,6,CC_DChg,-0.0999672866666666,110.6130467795,-0.0999672866666666,4.00864361702128,3.054633,23.808510638297875,3.218834,150.4
RD_RateCapability_0080,1,8,CCCV_Chg,0.1999955733333333,44.70705444249998,0.1999955733333333,5.097109995873325,3.235886,97.1512626296242,3.460419,150.242
RD_RateCapability_0080,1,10,CC_DChg,-0.1999667333333333,107.15141053450002,-0.1999667333333333,4.255560221009203,3.025569,22.80140496804164,3.193473,150.039
RD_RateCapability_0080,1,12,CCCV_Chg,0.2999987533333333,42.31058853700001,0.2999987533333333,5.148180976055127,3.256755,96.3106369082924,3.470915,150.053
RD_RateCapability_0080,1,14,CC_DChg,-0.2999668533333333,104.00195648250003,-0.2999668533333333,4.503878506858372,2.989805,22.04301434479625,3.170294,149.671
RD_RateCapability_0080,1,16,CCCV_Chg,0.4000011333333333,40.041680983499965,0.4000011333333333,5.189971534339209,3.277244,95.42411161746428,3.478057,149.654
RD_RateCapability_0080,1,18,CC_DChg,-0.39996682,102.0000297745,-0.39996682,4.754166332290088,2.983122,22.29823716662656,3.157609,149.532
RD_RateCapability_0080,1,20,CCCV_Chg,0.4999969066666667,38.47383904300002,0.4999969066666667,4.975317395550443,3.284139,95.04474976253864,3.487118,149.498
RD_RateCapability_0080,1,22,CC_DChg,0.0,100.3422157655,0.0,4.756707533462345,2.96658,22.055347613276467,3.145042,149.347
RD_RateCapability_0080,2,4,CCCV_Chg,0.1000058066666666,47.21812252049997,0.1000058066666666,5.280627438383758,3.238447,98.33704737240102,3.430072,149.433
RD_RateCapability_0080,2,6,CC_DChg,-0.0999667933333333,111.03596300850003,-0.0999667933333333,4.008367367267662,3.057958,24.558222930570786,3.22174,150.585
RD_RateCapability_0080,2,8,CCCV_Chg,0.1999953933333333,45.165894016,0.1999953933333333,5.084644373990549,3.233533,97.68499132619488,3.462303,150.453
RD_RateCapability_0080,2,10,CC_DChg,-0.1999661933333333,107.94588125850004,-0.1999661933333333,4.006867775359845,3.026283,23.556070195052804,3.197758,150.267
RD_RateCapability_0080,2,12,CCCV_Chg,0.2999957933333333,42.95992473049999,0.2999957933333333,5.131412602302215,3.250527,96.76625191296829,3.469115,150.29
RD_RateCapability_0080,2,14,CC_DChg,-0.2999663133333333,104.815779493,-0.2999663133333333,4.497591052863381,3.000293,23.54962698020794,3.17872,149.858
RD_RateCapability_0080,2,16,CCCV_Chg,0.3999963,40.19836563249999,0.3999963,5.207227773661479,3.274882,95.3020806215832,3.478964,149.811
RD_RateCapability_0080,2,18,CC_DChg,-0.3999668266666666,102.130243679,-0.3999668266666666,4.4963728144953645,2.977012,21.290408852338448,3.154345,149.565
RD_RateCapability_0080,2,20,CCCV_Chg,0.4999953133333333,38.439237289000005,0.4999953133333333,5.2243047522249935,3.288882,95.02510849141764,3.485824,149.551
RD_RateCapability_0080,2,22,CC_DChg,-0.4999666466666666,100.06842078,-0.4999666466666666,4.753071952321974,2.966769,21.53681320520977,3.142324,149.335
RD_RateCapability_0080,3,4,CCCV_Chg,0.1000015466666666,47.4940515225,0.1000015466666666,5.278091936638805,3.236145,98.3175956474312,3.427943,149.429
RD_RateCapability_0080,3,6,CC_DChg,0.0,111.20893253349998,0.0,4.006962853706996,3.058156,24.31550763057011,3.220058,150.513
RD_RateCapability_0080,3,8,CCCV_Chg,0.19999548,44.84079509349999,0.19999548,5.09931219817207,3.235262,97.20821637154602,3.462747,150.334
RD_RateCapability_0080,3,10,CC_DChg,-0.1999663933333333,107.2502055905,-0.1999663933333333,4.255787137324962,3.025427,23.302517479720866,3.194949,150.031
RD_RateCapability_0080,3,12,CCCV_Chg,0.2999971933333333,42.4543708515,0.2999971933333333,5.139464530831456,3.256067,96.67297466583152,3.473011,150.074
RD_RateCapability_0080,3,14,CC_DChg,-0.29996662,104.60728432950002,-0.29996662,4.502116522226817,3.004949,22.797681840639893,3.176198,149.774
RD_RateCapability_0080,3,16,CCCV_Chg,0.3999951,40.49670948699999,0.3999951,5.175326713367035,3.272939,95.93119152715543,3.479837,149.749
RD_RateCapability_0080,3,18,CC_DChg,-0.3999670133333333,101.65438647749998,-0.3999670133333333,4.746479627349132,2.969972,22.048508861166138,3.153941,149.416
RD_RateCapability_0080,3,20,CCCV_Chg,0.4999954,38.662708427500014,0.4999954,5.216157234472694,3.289414,95.10449719511053,3.48497,149.382
RD_RateCapability_0080,3,22,CC_DChg,0.0,100.5636718355,0.0,4.749211367030792,2.969402,22.3027412948985,3.147152,149.309
RD_RateCapability_0087,1,2,CC_DChg,-0.3332996133333333,105.98146041649996,-0.3332996133333333,4.505137208999866,2.992698,21.80127454805566,3.166458,153.78
RD_RateCapability_0087,1,4,CCCV_Chg,0.0999981533333333,48.319265401500026,0.0999981533333333,5.026969555520979,3.234048,98.289767128261,3.433549,154.248
RD_RateCapability_0087,1,6,CC_DChg,-0.09996674,115.103453448,-0.09996674,3.75772002058673,3.057343,23.3067421513124,3.222459,155.44
RD_RateCapability_0087,1,8,CCCV_Chg,0.2000005,45.9455327205,0.2000005,4.824149077281684,3.233421,97.57504732714324,3.466235,155.302
RD_RateCapability_0087,1,10,CC_DChg,-0.1999667733333333,111.681512253,-0.1999667733333333,4.005543558835855,3.032211,22.049827569536205,3.198674,155.135
RD_RateCapability_0087,1,12,CCCV_Chg,0.3000091333333333,43.48903738599998,0.3000091333333333,4.858161285540251,3.253219,96.97114238015742,3.47884,155.141
RD_RateCapability_0087,1,14,CC_DChg,-0.2999664333333333,108.722747964,-0.2999664333333333,4.255030522269965,3.007751,21.05099964471432,3.177528,154.805
RD_RateCapability_0087,1,16,CCCV_Chg,0.3999971266666666,41.38429598699999,0.3999971266666666,4.889222001822071,3.27377,96.52385167572318,3.488026,154.769
RD_RateCapability_0087,1,18,CC_DChg,-0.3999662933333333,106.71656944149998,-0.3999662933333333,4.25545670838936,2.991081,21.04453294713975,3.163557,154.672
RD_RateCapability_0087,1,20,CCCV_Chg,0.4999969066666667,39.65988353700006,0.4999969066666667,4.904674444473187,3.285466,95.94898724681173,3.493705,154.628
RD_RateCapability_0087,1,22,CC_DChg,-0.49996644,104.517856691,-0.49996644,4.494098299092897,2.97806,21.288208900140503,3.149659,154.447
RD_RateCapability_0087,2,4,CCCV_Chg,0.10000084,48.52665967950005,0.10000084,5.27736947414089,3.241538,98.28598809839868,3.431001,154.433
RD_RateCapability_0087,2,6,CC_DChg,-0.0999665466666666,115.37690883550002,-0.0999665466666666,3.757788537587525,3.060411,23.304847701537447,3.223433,155.517
RD_RateCapability_0087,2,8,CCCV_Chg,0.19999586,46.60358144100002,0.19999586,4.814478822855746,3.228288,98.0865615369273,3.466134,155.427
RD_RateCapability_0087,2,10,CC_DChg,-0.19996622,112.3775215525,-0.19996622,3.756899672164937,3.030564,22.054476011361512,3.201858,155.261
RD_RateCapability_0087,2,12,CCCV_Chg,0.2999974199999999,44.359925035,0.2999974199999999,4.838761617085408,3.246209,97.6337534698294,3.478285,155.267
RD_RateCapability_0087,2,14,CC_DChg,-0.2999664266666667,109.1178216955,-0.2999664266666667,4.247405905560109,3.017997,21.294496710165244,3.180476,154.871
RD_RateCapability_0087,2,16,CCCV_Chg,0.3999947666666666,41.7614724345,0.3999947666666666,4.876662425154535,3.268208,96.78334054605702,3.485088,154.819
RD_RateCapability_0087,2,18,CC_DChg,-0.3999661066666667,106.8305941415,-0.3999661066666667,4.252058125472891,2.996016,20.79725281476548,3.164027,154.631
RD_RateCapability_0087,2,20,CCCV_Chg,0.5000016466666667,39.83357513250001,0.5000016466666667,4.906260916818693,3.28395,96.09905678686488,3.49419,154.578
RD_RateCapability_0087,2,22,CC_DChg,-0.4999669133333333,105.49448898650004,-0.4999669133333333,4.249181854635287,2.993962,21.79306419692403,3.158253,154.618
RD_RateCapability_0087,3,4,CCCV_Chg,0.10076626,49.07480424300003,0.10076626,5.276092664691958,3.236136,98.24669193258396,3.422214,154.622
RD_RateCapability_0087,3,6,CC_DChg,0.0,115.27155483249994,0.0,3.7555119250700097,3.059516,23.0564228008626,3.221923,155.345
RD_RateCapability_0087,3,8,CCCV_Chg,0.1999959,46.08503256099999,0.1999959,4.8267996597850455,3.23154,97.56114848320834,3.464584,155.196
RD_RateCapability_0087,3,10,CC_DChg,-0.19996712,111.75878106899998,-0.19996712,4.005057933988798,3.037474,22.80650821914272,3.201268,155.004
RD_RateCapability_0087,3,12,CCCV_Chg,0.29999628,43.95392511700001,0.29999628,4.845888864518959,3.248569,97.45126372421268,3.479843,155.018
RD_RateCapability_0087,3,14,CC_DChg,-0.2999664266666667,109.0645783255,-0.2999664266666667,4.256350904870587,3.015803,22.045350213043857,3.182935,154.663
RD_RateCapability_0087,3,16,CCCV_Chg,0.3999953,41.5114524565,0.3999953,4.87232226016765,3.270639,96.7860654041188,3.485519,154.608
RD_RateCapability_0087,3,18,CC_DChg,0.0,107.01041734450004,0.0,4.2607311137575765,3.000599,22.060270284264483,3.169225,154.504
RD_RateCapability_0087,3,20,CCCV_Chg,0.50000798,40.041059224000016,0.50000798,4.8817908747216325,3.281914,96.5553627841939,3.493521,154.472
RD_RateCapability_0087,3,22,CC_DChg,-0.4999665,105.33719570000002,-0.4999665,4.247506799637346,2.990003,22.04377671286103,3.158208,154.42
RD_RateCapability_0091,1,2,CC_DChg,-0.3332999733333333,100.4881290855,-0.3332999733333333,4.99844747748841,2.989128,25.80292414240005,3.166033,148.146
RD_RateCapability_0091,1,4,CCCV_Chg,0.0999973933333333,46.0522906595,0.0999973933333333,5.284692129396352,3.234995,98.42050455171488,3.462787,148.845
RD_RateCapability_0091,1,6,CC_DChg,-0.0999661266666666,109.63274336450004,-0.0999661266666666,4.006861658812699,3.045772,23.808220641044475,3.214632,149.818
RD_RateCapability_0091,1,8,CCCV_Chg,0.1999966333333333,43.09831880150003,0.1999966333333333,5.10169298943302,3.247963,96.68754219106118,3.471175,149.617
RD_RateCapability_0091,1,10,CC_DChg,-0.1999665266666666,106.0566552695,-0.1999665266666666,4.25403832647736,3.012679,23.049396341259488,3.187724,149.505
RD_RateCapability_0091,1,12,CCCV_Chg,0.2999964466666667,40.87985099,0.2999964466666667,5.1410150946677104,3.26849,95.68226961738328,3.477423,149.523
RD_RateCapability_0091,1,14,CC_DChg,-0.2999660733333333,103.29987625050002,-0.2999660733333333,4.749624906226546,2.997445,23.54718143821669,3.171276,149.296
RD_RateCapability_0091,1,16,CCCV_Chg,0.3999979666666667,38.72410772949998,0.3999979666666667,4.923732390120381,3.278695,95.00592857573506,3.48773,149.277
RD_RateCapability_0091,1,18,CC_DChg,-0.3999669933333333,101.53825007950002,-0.3999669933333333,4.753002037096598,2.986457,23.30465315749973,3.158871,149.232
RD_RateCapability_0091,1,20,CCCV_Chg,0.4999953199999999,37.28891391800001,0.4999953199999999,4.956772334293948,3.292257,94.27786341398028,3.49007,149.21
RD_RateCapability_0091,1,22,CC_DChg,0.0,100.09598036099992,0.0,4.752388935456819,2.977735,23.557418273260687,3.150439,149.125
RD_RateCapability_0091,2,4,CCCV_Chg,0.1000120733333333,46.42660108900003,0.1000120733333333,5.282813924797511,3.237518,98.37405460494554,3.445451,149.144
RD_RateCapability_0091,2,6,CC_DChg,-0.0999673266666666,110.03032018099998,-0.0999673266666666,4.007015110494649,3.049815,24.558888251690423,3.218069,149.962
RD_RateCapability_0091,2,8,CCCV_Chg,0.1999947733333333,43.715324489500006,0.1999947733333333,5.090459977301555,3.244873,97.28286267441084,3.470064,149.79
RD_RateCapability_0091,2,10,CC_DChg,-0.1999672733333333,106.70106104199998,-0.1999672733333333,4.256243359017365,3.022847,25.05697044219756,3.197166,149.639
RD_RateCapability_0091,2,12,CCCV_Chg,0.2999996733333333,41.582772144,0.2999996733333333,5.128496398358881,3.259342,96.3168375051786,3.47875,149.654
RD_RateCapability_0091,2,14,CC_DChg,-0.2999671466666667,103.86315233300002,-0.2999671466666667,4.753708602618612,3.000546,24.55279107926196,3.178799,149.315
RD_RateCapability_0091,2,16,CCCV_Chg,0.3999947666666666,39.15625618000002,0.3999947666666666,4.923534494885553,3.275291,95.19168291098116,3.485149,149.283
RD_RateCapability_0091,2,18,CC_DChg,-0.39996712,101.645777653,-0.39996712,4.746716697936215,2.990238,24.79362101313321,3.162965,149.24
RD_RateCapability_0091,2,20,CCCV_Chg,0.4999948066666667,37.54075776950003,0.4999948066666667,4.955703582581656,3.288994,94.49343930519628,3.490784,149.222
RD_RateCapability_0091,2,22,CC_DChg,-0.4999673333333332,99.8276470285,-0.4999673333333332,4.745712695250948,2.975183,24.042440460621183,3.149878,149.103
RD_RateCapability_0091,3,4,CCCV_Chg,0.0999978666666666,46.829026249000016,0.0999978666666666,5.280663050110978,3.234896,98.3450569641049,3.439663,149.129
RD_RateCapability_0091,3,6,CC_DChg,0.0,110.2115055714999,0.0,4.007606846161549,3.048667,24.564774964134397,3.217199,149.865
RD_RateCapability_0091,3,8,CCCV_Chg,0.1999983,43.33102170350001,0.1999983,5.106630399187324,3.245085,96.7853825127482,3.470518,149.629
RD_RateCapability_0091,3,10,CC_DChg,-0.1999660466666666,105.9147604775,-0.1999660466666666,4.50735717441656,3.017592,24.557833148120867,3.190857,149.378
RD_RateCapability_0091,3,12,CCCV_Chg,0.2999954999999999,40.88000774699997,0.2999954999999999,4.886178807370767,3.259783,96.0114055461476,3.481207,149.401
RD_RateCapability_0091,3,14,CC_DChg,-0.2999673066666666,103.53201537400004,-0.2999673066666666,4.755585936976425,3.002194,23.80607717774472,3.17387,149.214
RD_RateCapability_0091,3,16,CCCV_Chg,0.3999956066666666,39.2597714855,0.3999956066666666,4.915044069841483,3.275439,95.32625087972116,3.483836,149.195
RD_RateCapability_0091,3,18,CC_DChg,-0.39996654,101.17249817749996,-0.39996654,5.010504272184823,2.98542,23.80476148925745,3.158172,148.987
RD_RateCapability_0091,3,20,CCCV_Chg,0.4999949533333334,37.60100747400003,0.4999949533333334,4.937028384220844,3.292798,94.81659013399933,3.489363,148.956
RD_RateCapability_0091,3,22,CC_DChg,0.0,100.215734918,0.0,4.754393266119827,2.979336,23.815596933775463,3.152357,148.978
