cell_name,cycle_no,step_no,step_name,max_c_rate,low_knee_soc,low_knee_voltage,high_knee_soc,high_knee_voltage
RD_RateCapability_0001,1,2,CC_DChg,-0.3332994266666667,4.055284762572818,2.9794993910517973,99.5442541648455,3.2608842272800507
RD_RateCapability_0001,1,4,CCCV_Chg,0.10000112,4.882482467006187,3.2322882614416493,99.142075597889,3.4608036223479837
RD_RateCapability_0001,1,6,CC_DChg,-0.0999660866666666,2.321697266709632,2.9600696877272425,99.19820385579825,3.29997531672246
RD_RateCapability_0001,1,8,CCCV_Chg,0.19999638,5.0352013352305685,3.2532168056070727,97.91479685680028,3.4644218377191227
RD_RateCapability_0001,1,10,CC_DChg,-0.1999665933333333,3.060112258579177,2.9694701349421226,99.19893398129938,3.2831117393517815
RD_RateCapability_0001,1,12,CCCV_Chg,0.2999967066666666,4.940349238148051,3.2679585492134593,97.43113383400481,3.4754708894210506
RD_RateCapability_0001,1,14,CC_DChg,-0.2999667866666666,3.80761452425387,2.9844623268541595,99.30113143323497,3.2692341007376706
RD_RateCapability_0001,1,16,CCCV_Chg,0.3999984,4.8382436500495345,3.281794901707732,96.98892082071441,3.482018126026356
RD_RateCapability_0001,1,18,CC_DChg,-0.3999661933333333,4.068029075096582,2.9832902630955593,99.30085455754357,3.2578418907486353
RD_RateCapability_0001,1,20,CCCV_Chg,0.4999959933333333,4.8223225670437575,3.2919156783210606,96.98946192396075,3.504868306340313
RD_RateCapability_0001,1,22,CC_DChg,-0.49996604,4.3246031521048245,2.9896498244162135,99.8460214221815,3.344604671004348
RD_RateCapability_0001,2,4,CCCV_Chg,0.10000258,4.915846106966132,3.2326446925572596,98.6552495117984,3.400372060342896
RD_RateCapability_0001,2,6,CC_DChg,-0.0999665,5.175112070477869,3.132353656459409,99.19211132888559,3.3007542800780465
RD_RateCapability_0001,2,8,CCCV_Chg,0.1999982266666666,2.096212971287529,3.087834447291372,98.03716933607917,3.458556496624059
RD_RateCapability_0001,2,10,CC_DChg,-0.1999661266666666,2.8197346120260214,2.963955884794453,99.19861992534183,3.2856446038954297
RD_RateCapability_0001,2,12,CCCV_Chg,0.2999976666666666,5.043721572439936,3.265024099563984,97.69861478342901,3.472574469785194
RD_RateCapability_0001,2,14,CC_DChg,-0.2999663933333333,3.6760281464683473,2.9835242840648406,99.29209671054407,3.2724951251288954
RD_RateCapability_0001,2,16,CCCV_Chg,0.3999986066666667,4.8451628795953665,3.2798533025598053,97.18624581375737,3.4825967066619246
RD_RateCapability_0001,2,18,CC_DChg,-0.3999672,5.952752887242145,3.0710500723212193,99.8475607955591,3.352628508715442
RD_RateCapability_0001,2,20,CCCV_Chg,0.4999989666666666,4.836532020435529,3.291946980946923,99.28239948082795,3.6500883317363373
RD_RateCapability_0001,2,22,CC_DChg,-0.4999660733333333,3.8263091577702775,2.976579412258728,99.32241795589583,3.246793550252114
RD_RateCapability_0001,3,4,CCCV_Chg,0.1000068066666666,4.9486412048879105,3.2314521457992376,99.23680734086777,3.460522401320955
RD_RateCapability_0001,3,6,CC_DChg,0.0,2.3245762212187664,2.959999651788629,99.18853831431525,3.30178625499043
RD_RateCapability_0001,3,8,CCCV_Chg,0.1999974266666666,5.0345963977134485,3.2519836908805626,97.90272212669629,3.465196581602891
RD_RateCapability_0001,3,10,CC_DChg,-0.1999660466666666,3.057592038985279,2.969881328647894,99.2888582679473,3.2842946842596827
RD_RateCapability_0001,3,12,CCCV_Chg,0.2999982466666667,4.932423582043269,3.267906418240071,97.69468625092769,3.47420090091471
RD_RateCapability_0001,3,14,CC_DChg,-0.2999667466666667,3.5695264841549275,2.9809707554427773,99.30173971502218,3.271055801303183
RD_RateCapability_0001,3,16,CCCV_Chg,0.3999987066666666,2.1201477957350328,3.135941213310092,96.99341135014531,3.4780700141697847
RD_RateCapability_0001,3,18,CC_DChg,-0.3999661466666667,3.7967899587613396,2.9818267523192445,99.30190686460004,3.2572479980292544
RD_RateCapability_0001,3,20,CCCV_Chg,0.4999991533333333,4.934321440568745,3.291291784140901,96.99456067804813,3.489312901330869
RD_RateCapability_0001,3,22,CC_DChg,-0.4999661466666666,3.7916993955000975,2.979826713598208,99.84290638072066,3.347047025360427
RD_RateCapability_0003,1,2,CC_DChg,-0.3332993666666667,4.177810976761121,2.9851195644245916,99.3372571509465,3.2591826045777643
RD_RateCapability_0003,1,4,CCCV_Chg,0.09999792,4.706099300995382,3.2324380221216242,99.06957196904013,3.4584202457913236
RD_RateCapability_0003,1,6,CC_DChg,-0.09996642,2.310746539329882,2.9616753894196433,99.18868055168147,3.3013725937361085
RD_RateCapability_0003,1,8,CCCV_Chg,0.1999990466666666,4.899745561987721,3.2508571486350712,97.85899273770053,3.4641962732270435
RD_RateCapability_0003,1,10,CC_DChg,-0.19996718,3.067059939510809,2.973410696572795,99.19941511989029,3.2857964323082633
RD_RateCapability_0003,1,12,CCCV_Chg,0.2999975266666667,4.79907114345529,3.2638857653394497,99.2740898671172,3.6500352929160287
RD_RateCapability_0003,1,14,CC_DChg,-0.2999668533333333,3.819971100396105,2.987961729727299,99.20608774126165,3.2721720163680015
RD_RateCapability_0003,1,16,CCCV_Chg,0.3999983199999999,4.6931051145856335,3.2767045560430756,99.16878952852969,3.650051433510681
RD_RateCapability_0003,1,18,CC_DChg,-0.3999660733333333,3.7893235279725586,2.969375994282773,99.4242120701472,3.269015169177696
RD_RateCapability_0003,1,20,CCCV_Chg,0.49999654,4.632399358100707,3.2848116534649265,99.11131423797696,3.6500647545603235
RD_RateCapability_0003,1,22,CC_DChg,-0.4999668266666667,4.038726458023514,2.9665084316785904,99.32180046824635,3.257278336374654
RD_RateCapability_0003,2,4,CCCV_Chg,0.0999979466666666,4.61594018185346,3.231720673293879,99.08767069816645,3.4551810247949635
RD_RateCapability_0003,2,6,CC_DChg,-0.09996674,2.073932347243243,2.9479760943123674,99.19357016658604,3.30168316717325
RD_RateCapability_0003,2,8,CCCV_Chg,0.1999973666666666,2.0895068408011803,3.0925846786146276,98.05668450756163,3.4598754060191617
RD_RateCapability_0003,2,10,CC_DChg,-0.1999666,2.666916248857786,2.959155251578707,99.19697019350757,3.2885435984372364
RD_RateCapability_0003,2,12,CCCV_Chg,0.2999971066666667,4.831808497285858,3.261167465346132,97.57572585316217,3.47068226186536
RD_RateCapability_0003,2,14,CC_DChg,-0.2999672333333333,3.676864664202561,2.9824788600573884,99.30369125672267,3.2768135474593802
RD_RateCapability_0003,2,16,CCCV_Chg,0.3999986733333333,4.713007017522829,3.27472553901198,96.82518950863752,3.47845938238917
RD_RateCapability_0003,2,18,CC_DChg,-0.39996696,3.9289430260671554,2.982401566204171,99.30144537877257,3.262936549292717
RD_RateCapability_0003,2,20,CCCV_Chg,0.50000036,4.639692690286433,3.2846865048703333,99.11514447591347,3.6500837227553986
RD_RateCapability_0003,2,22,CC_DChg,-0.4999668399999999,3.807872384185881,2.964878470223189,99.42588671546096,3.2575831102523516
RD_RateCapability_0003,3,4,CCCV_Chg,0.0999977599999999,4.78509591159811,3.23139408049686,99.23651562397079,3.460340024498119
RD_RateCapability_0003,3,6,CC_DChg,0.0,5.044870894526804,3.131265341577041,99.1942778354121,3.3043770246418043
RD_RateCapability_0003,3,8,CCCV_Chg,0.2000014533333333,2.222613512074181,3.1018584661504986,97.84094610876627,3.459893624161953
RD_RateCapability_0003,3,10,CC_DChg,-0.1999671733333333,2.9243025749914326,2.9665162322369856,99.19715990295015,3.2865175624504483
RD_RateCapability_0003,3,12,CCCV_Chg,0.2999981133333333,4.7996537456158626,3.2632012838312527,99.38344195645234,3.650038524154252
RD_RateCapability_0003,3,14,CC_DChg,-0.2999669266666666,3.436528649533394,2.9755471860466836,99.20598057539355,3.2739368896876226
RD_RateCapability_0003,3,16,CCCV_Chg,0.3999990266666666,4.729238399869989,3.273872596890253,99.16772518085085,3.6500560300911533
RD_RateCapability_0003,3,18,CC_DChg,-0.39996664,3.8074716766046035,2.979695157474521,99.31953504278634,3.2624088974120062
RD_RateCapability_0003,3,20,CCCV_Chg,0.4999992466666667,4.684441698540511,3.2832734069905345,99.11884509047493,3.650068984406059
RD_RateCapability_0003,3,22,CC_DChg,-0.4999666,3.7868299282751945,2.9671604066952675,99.3193839319969,3.257819526878646
RD_RateCapability_0004,1,2,CC_DChg,-0.3332996066666666,3.2936572242489506,2.97561063120372,99.3006966922086,3.259001322133981
RD_RateCapability_0004,1,4,CCCV_Chg,0.1000090466666666,2.433384890577419,3.0970896403945205,99.16027837568332,3.453379990759944
RD_RateCapability_0004,1,6,CC_DChg,-0.0999669733333333,2.1720647620299895,2.9569592990545432,99.18638160878555,3.301768341174126
RD_RateCapability_0004,1,8,CCCV_Chg,0.1999966466666666,5.0007008851196,3.250347229091054,98.21007512608492,3.462293627619064
RD_RateCapability_0004,1,10,CC_DChg,-0.19996672,5.219064664364014,3.109115505523803,99.836503407094,3.3786856935760397
RD_RateCapability_0004,1,12,CCCV_Chg,0.2999997333333333,4.931420836256938,3.2623790563159005,97.92394532327958,3.4705888213242297
RD_RateCapability_0004,1,14,CC_DChg,-0.2999671933333333,3.0744169283957548,2.974211687445046,99.30211000156167,3.274478460941089
RD_RateCapability_0004,1,16,CCCV_Chg,0.4000048333333333,4.9208230881497785,3.2741558611331456,97.73895421391829,3.478188514261067
RD_RateCapability_0004,1,18,CC_DChg,-0.3999668866666667,3.163854057205519,2.976476277986797,99.29322151484017,3.2647909826632984
RD_RateCapability_0004,1,20,CCCV_Chg,0.50000214,4.936940226457026,3.2813181955899013,99.45309884744553,3.6500877996269385
RD_RateCapability_0004,1,22,CC_DChg,-0.49996644,3.4370213025911274,2.982416034445767,99.84026931938546,3.353746100722487
RD_RateCapability_0004,2,4,CCCV_Chg,0.1000086866666666,4.990862939097075,3.230628113750191,98.66565750582406,3.398109598166618
RD_RateCapability_0004,2,6,CC_DChg,-0.0999668933333333,2.0708717415324283,2.951805503409195,99.18459712207957,3.3021219345047386
RD_RateCapability_0004,2,8,CCCV_Chg,0.1999975333333333,5.003300481985571,3.2490680440598307,98.35609054888954,3.461333242485985
RD_RateCapability_0004,2,10,CC_DChg,-0.1999661666666666,2.4239406371206225,2.954239744102472,99.19246193695457,3.2889681885370425
RD_RateCapability_0004,2,12,CCCV_Chg,0.29999762,5.0009335573894145,3.2605689094480175,98.14004749932823,3.4701403695652426
RD_RateCapability_0004,2,14,CC_DChg,-0.2999668,2.9291766525068046,2.9627989692687104,99.29514408280575,3.278258026810041
RD_RateCapability_0004,2,16,CCCV_Chg,0.4000074333333333,4.925339577058326,3.27277544483228,97.74273438136967,3.477447148597956
RD_RateCapability_0004,2,18,CC_DChg,-0.3999667933333333,3.173133597108582,2.9734845470979074,99.3009483824927,3.265531107728639
RD_RateCapability_0004,2,20,CCCV_Chg,0.50000026,2.240659770407094,3.1420961834275785,97.4156752500626,3.4820687807673907
RD_RateCapability_0004,2,22,CC_DChg,-0.4999665533333333,3.1932563616810175,2.970485533332411,99.29546422013745,3.255234869411475
RD_RateCapability_0004,3,4,CCCV_Chg,0.1000067666666666,5.064581089250593,3.2299975423131455,99.25380550918428,3.4554970362840165
RD_RateCapability_0004,3,6,CC_DChg,0.0,2.1728750752694483,2.9593530109440778,99.18907844343438,3.3041090671700113
RD_RateCapability_0004,3,8,CCCV_Chg,0.2000000266666666,2.085042409984903,3.086705482267501,98.11430740999816,3.4578644100120477
RD_RateCapability_0004,3,10,CC_DChg,-0.1999660666666666,2.6798254814840194,2.9640041306576133,99.19077971440693,3.2869758690071986
RD_RateCapability_0004,3,12,CCCV_Chg,0.30000204,4.932624248904179,3.262127575925093,98.11527845144317,3.4726825971358983
RD_RateCapability_0004,3,14,CC_DChg,-0.2999670933333333,2.928840845071547,2.9674644437549764,99.29429205363236,3.275834173877018
RD_RateCapability_0004,3,16,CCCV_Chg,0.4000129866666667,4.935323558329525,3.272566131363608,97.59256572472562,3.4791398048961444
RD_RateCapability_0004,3,18,CC_DChg,0.0,4.822367632534813,3.08363284018154,99.84155164855943,3.3592454901688256
RD_RateCapability_0004,3,20,CCCV_Chg,0.500008,5.024210477675296,3.2824295392730587,99.42246697940902,3.650093980484569
RD_RateCapability_0004,3,22,CC_DChg,-0.4999665799999999,3.1724588013394794,2.9685437587417964,99.2961109577511,3.2549061851906873
RD_RateCapability_0007,1,2,CC_DChg,-0.3332994333333333,4.325316909386956,2.973007214374167,99.57246629505173,3.246418668890612
RD_RateCapability_0007,1,4,CCCV_Chg,0.1000021733333333,2.4321857484793505,3.1084044232988264,98.94574119862948,3.463694342964257
RD_RateCapability_0007,1,6,CC_DChg,-0.09996616,2.5435688927515323,2.9756546651316036,99.19996010808467,3.2971513709378173
RD_RateCapability_0007,1,8,CCCV_Chg,0.2000050733333333,2.0965541525305516,3.100979322801374,97.38051661370126,3.472338706250373
RD_RateCapability_0007,1,10,CC_DChg,-0.19996674,3.2942495660760933,2.9793355721905703,99.29295241942046,3.280461514359066
RD_RateCapability_0007,1,12,CCCV_Chg,0.2999962,2.1104386717402335,3.126737566164093,96.59641477099122,3.480605113311879
RD_RateCapability_0007,1,14,CC_DChg,-0.2999667466666667,4.073059757998927,2.9792812728605704,99.32390257295181,3.2658327283299826
RD_RateCapability_0007,1,16,CCCV_Chg,0.40001228,4.697198627798543,3.2862873152230336,96.43910868739701,3.504560500967987
RD_RateCapability_0007,1,18,CC_DChg,-0.3999669799999999,4.444210468562635,2.9850368743252824,99.84750485167832,3.3506383651265113
RD_RateCapability_0007,1,20,CCCV_Chg,0.5000074133333334,4.684281786188244,3.2972341737159887,95.92328637900859,3.5044885231354614
RD_RateCapability_0007,1,22,CC_DChg,0.0,4.064461535726225,2.9561821299739526,99.41820337064117,3.2478362741683218
RD_RateCapability_0007,2,4,CCCV_Chg,0.10000252,2.342497562370641,3.1105661479104048,99.12646122668468,3.463243285599692
RD_RateCapability_0007,2,6,CC_DChg,-0.0999666933333333,2.4485950018059364,2.973013533898464,99.20468744446349,3.2993443375236495
RD_RateCapability_0007,2,8,CCCV_Chg,0.1999957133333333,1.960020062624408,3.088967310231634,97.68300578876907,3.4685093145193506
RD_RateCapability_0007,2,10,CC_DChg,-0.1999670866666666,2.937177899400923,2.9674299469999577,99.29086617249406,3.2837539971706478
RD_RateCapability_0007,2,12,CCCV_Chg,0.2999982,2.232202626328138,3.124695395576388,97.10976934188764,3.4759614300667683
RD_RateCapability_0007,2,14,CC_DChg,-0.29996702,3.6944006821219615,2.976230496836652,99.3055839563061,3.2697985035451453
RD_RateCapability_0007,2,16,CCCV_Chg,0.3999968866666666,2.111894147792892,3.145100316011039,96.26045615615627,3.4869915736098953
RD_RateCapability_0007,2,18,CC_DChg,-0.3999669466666666,4.529238856672855,2.985916670826091,99.8475119966525,3.3504989110872914
RD_RateCapability_0007,2,20,CCCV_Chg,0.5000195533333334,4.685256788566281,3.294450687192543,99.2779794880859,3.650085519016685
RD_RateCapability_0007,2,22,CC_DChg,-0.4999666,4.788058329139477,2.9875352046569845,99.8513613579205,3.3405957122444425
RD_RateCapability_0007,3,4,CCCV_Chg,0.1000047666666666,4.857535761519376,3.2347515345861413,99.2200654869246,3.4638726377215994
RD_RateCapability_0007,3,6,CC_DChg,0.0,2.4431620102595577,2.971709019695916,99.1987371459893,3.3003041530974664
RD_RateCapability_0007,3,8,CCCV_Chg,0.2000161266666666,4.9251722503302755,3.256282375999134,97.45523943962867,3.473189185014285
RD_RateCapability_0007,3,10,CC_DChg,-0.19996662,3.300707570351646,2.974174793981697,99.29340171601028,3.2800085262355125
RD_RateCapability_0007,3,12,CCCV_Chg,0.2999969466666666,4.815472789825367,3.2730559415970175,99.41184382806848,3.650049341845337
RD_RateCapability_0007,3,14,CC_DChg,-0.2999666533333333,3.807312140148097,2.977287052305348,99.29842447404731,3.2663310788133066
RD_RateCapability_0007,3,16,CCCV_Chg,0.4000048333333333,1.8770960014744242,3.1263562972549397,96.28939461823106,3.4832893083103866
RD_RateCapability_0007,3,18,CC_DChg,-0.3999669466666666,4.449797499207505,2.972899276377822,99.32095606404108,3.2561345581464582
RD_RateCapability_0007,3,20,CCCV_Chg,0.4999966133333333,4.59883552452131,3.298179158245661,99.29178908005031,3.650053881050203
RD_RateCapability_0007,3,22,CC_DChg,0.0,3.582808662404903,2.9376391563188418,99.41929876948146,3.2509935792197027
RD_RateCapability_0011,1,2,CC_DChg,-0.33330022,3.8318175140174753,2.9691310867561533,99.42276170526968,3.2657101604041183
RD_RateCapability_0011,1,4,CCCV_Chg,0.09999842,4.732511348826352,3.231474763535125,99.06913490679746,3.4568546088146896
RD_RateCapability_0011,1,6,CC_DChg,-0.0999667933333333,2.3132967845952552,2.963596379129854,99.18795591228245,3.300698687361052
RD_RateCapability_0011,1,8,CCCV_Chg,0.1999957466666666,4.905689565461336,3.2506821928001366,97.89933374940979,3.462747757069931
RD_RateCapability_0011,1,10,CC_DChg,-0.1999667333333333,3.169039866438195,2.9833833673810273,99.19793582877516,3.285300509960668
RD_RateCapability_0011,1,12,CCCV_Chg,0.29999846,4.803260343725394,3.2634211907403445,99.3170413108677,3.650040368867326
RD_RateCapability_0011,1,14,CC_DChg,-0.2999671266666667,3.6862544314746577,2.9819419885463714,99.29837662454753,3.2727973133542467
RD_RateCapability_0011,1,16,CCCV_Chg,0.3999961266666667,4.700374668185734,3.2763437892726235,96.80448811619938,3.4784829682190312
RD_RateCapability_0011,1,18,CC_DChg,-0.39996726,3.9316211650652657,2.9808527968805363,99.30584484146146,3.262919863645709
RD_RateCapability_0011,1,20,CCCV_Chg,0.4999958,4.6366254101123605,3.2835155086989394,99.11246667847145,3.6500669961099326
RD_RateCapability_0011,1,22,CC_DChg,-0.4999667533333333,3.927865620540194,2.9657917284696396,99.42435713750031,3.2584768380418905
RD_RateCapability_0011,2,4,CCCV_Chg,0.1000031933333333,24.27388503981907,3.3288460615166198,99.04705349837197,3.4448044288314006
RD_RateCapability_0011,2,6,CC_DChg,-0.0999671533333333,2.077907660540853,2.9500794480926134,99.18970858627843,3.301275693115444
RD_RateCapability_0011,2,8,CCCV_Chg,0.19999848,2.085367085791141,3.090749248883305,98.10924089384109,3.457905180407073
RD_RateCapability_0011,2,10,CC_DChg,-0.1999670266666666,2.5823012587721625,2.9556423539723755,99.19317902986673,3.2885550632790723
RD_RateCapability_0011,2,12,CCCV_Chg,0.2999954666666666,4.882192089408837,3.2605434873330332,99.4419199215853,3.6500337690099496
RD_RateCapability_0011,2,14,CC_DChg,-0.29996692,3.6866336509956197,2.984206736889013,99.29791223618011,3.277584252167676
RD_RateCapability_0011,2,16,CCCV_Chg,0.3999955799999999,4.7233137309450965,3.273632589970142,96.85320089329682,3.4777059031255013
RD_RateCapability_0011,2,18,CC_DChg,-0.39996726,3.9330882261077567,2.9824265436527204,99.30027145719156,3.2642858264232197
RD_RateCapability_0011,2,20,CCCV_Chg,0.4999993266666667,4.68868460098035,3.2832758353087166,99.1467877107221,3.6500684781198856
RD_RateCapability_0011,2,22,CC_DChg,-0.4999664,5.9096750550092825,3.061467936601981,99.84408306069265,3.3516139323778744
RD_RateCapability_0011,3,4,CCCV_Chg,0.1000008666666666,4.7979018116640475,3.230247166582823,99.23924628891344,3.4570249047719144
RD_RateCapability_0011,3,6,CC_DChg,0.0,2.0773656762404205,2.9474957630613092,99.1922142544464,3.303579102700029
RD_RateCapability_0011,3,8,CCCV_Chg,0.19999588,4.908552399585376,3.24898553565401,97.90216256994418,3.4621980143449522
RD_RateCapability_0011,3,10,CC_DChg,-0.1999662,3.1685473286671337,2.9830335680733606,99.19655818176648,3.285971323209333
RD_RateCapability_0011,3,12,CCCV_Chg,0.2999963066666666,4.807196605828024,3.2628601640393957,97.5529229465391,3.4716357246747305
RD_RateCapability_0011,3,14,CC_DChg,-0.2999661066666667,3.6562852761405176,2.9920533374149443,99.20750179243821,3.274049822877276
RD_RateCapability_0011,3,16,CCCV_Chg,0.3999953,4.7394799162809695,3.2728816683873894,99.1711767709907,3.650064019138336
RD_RateCapability_0011,3,18,CC_DChg,0.0,2.8058411939540453,2.919917414536636,99.3045074007525,3.262957934465284
RD_RateCapability_0011,3,20,CCCV_Chg,0.4999955133333333,4.682132179992379,3.2827794573537292,99.21552597194454,3.650069500850381
RD_RateCapability_0011,3,22,CC_DChg,-0.4999665133333333,3.9174923783763216,2.9808675865881966,99.31516190617002,3.2543884754958667
RD_RateCapability_0012,1,2,CC_DChg,-0.33329986,4.043621961713831,2.9819927993047743,99.43018000137724,3.2665822447017696
RD_RateCapability_0012,1,4,CCCV_Chg,0.09999798,4.990859792155729,3.2304467934249423,99.06805369731849,3.4559829927427397
RD_RateCapability_0012,1,6,CC_DChg,-0.0999673133333333,5.190222065561789,3.129430143746247,99.19419752140986,3.3014908901824334
RD_RateCapability_0012,1,8,CCCV_Chg,0.2000007,5.121700480193874,3.249981886809895,97.84853616488323,3.4584014833309515
RD_RateCapability_0012,1,10,CC_DChg,-0.19996644,2.9304640823958565,2.9655028110976813,99.29083543729261,3.2871890254028937
RD_RateCapability_0012,1,12,CCCV_Chg,0.3000093466666667,5.076680954024591,3.262613056980099,97.34370222024211,3.4671079873193102
RD_RateCapability_0012,1,14,CC_DChg,-0.2999668,3.811198221681897,2.9858889247191955,99.30449989922732,3.2745506177334227
RD_RateCapability_0012,1,16,CCCV_Chg,0.4000188066666666,4.940841307382236,3.2733641675469665,99.1800168029544,3.6500630096122872
RD_RateCapability_0012,1,18,CC_DChg,-0.3999667133333333,4.052451495704881,2.9853274617536214,99.31060963609958,3.2645448210411985
RD_RateCapability_0012,1,20,CCCV_Chg,0.4999988333333333,4.955995002428562,3.2831626622335506,99.11901967896479,3.6500820558831863
RD_RateCapability_0012,1,22,CC_DChg,0.0,4.4096911641039425,2.9932351987352406,99.85152174657878,3.3510288683775986
RD_RateCapability_0012,2,4,CCCV_Chg,0.0999974666666666,4.965151292578356,3.2312722439918073,99.15482211919777,3.4571628286742486
RD_RateCapability_0012,2,6,CC_DChg,-0.0999667066666666,5.156339800143841,3.131439827334762,99.19273230716234,3.302706925319219
RD_RateCapability_0012,2,8,CCCV_Chg,0.1999984466666666,5.124448912546588,3.2499429341458814,97.99278352406232,3.4599399451550954
RD_RateCapability_0012,2,10,CC_DChg,-0.1999665266666666,2.675140053034587,2.9541547545173787,99.19563603068485,3.2878701255868523
RD_RateCapability_0012,2,12,CCCV_Chg,0.30001054,5.05416403607649,3.258687460566295,97.60915709932077,3.467618133294493
RD_RateCapability_0012,2,14,CC_DChg,-0.2999664733333333,3.434575860144874,2.974862577622074,99.29357117355757,3.2768251798487253
RD_RateCapability_0012,2,16,CCCV_Chg,0.39999556,4.954788207935246,3.2721320437707995,99.20306322814054,3.6500558833295833
RD_RateCapability_0012,2,18,CC_DChg,-0.3999667266666666,4.065752267903487,2.9836524953380863,99.30730401999958,3.2636306168671965
RD_RateCapability_0012,2,20,CCCV_Chg,0.5000223866666667,4.8811016219590995,3.2819037779623255,99.09947769836593,3.6500611626971646
RD_RateCapability_0012,2,22,CC_DChg,-0.4999668399999999,4.299060616537126,2.9844057982414975,99.30704037235877,3.255785478184663
RD_RateCapability_0012,3,4,CCCV_Chg,0.1000026866666666,4.974182863222083,3.2303897111312954,99.23339049650032,3.45868088759863
RD_RateCapability_0012,3,6,CC_DChg,0.0,2.0836097554334034,2.9437370010987207,99.1895759554147,3.302973466720199
RD_RateCapability_0012,3,8,CCCV_Chg,0.2000042,5.120356438647651,3.2486260395054463,97.70590892492898,3.4585319546842053
RD_RateCapability_0012,3,10,CC_DChg,-0.1999672,2.9320551251763805,2.9627467890031522,99.29147774004493,3.286602677223326
RD_RateCapability_0012,3,12,CCCV_Chg,0.300012,5.067242106885076,3.2624902349801728,97.26095334800708,3.467321005433564
RD_RateCapability_0012,3,14,CC_DChg,-0.2999673266666667,3.673153467026443,2.9861268955946043,99.29744054399264,3.2743884825829346
RD_RateCapability_0012,3,16,CCCV_Chg,0.3999963333333333,4.962791112687207,3.2723376911043744,96.9836112241141,3.4754145840199886
RD_RateCapability_0012,3,18,CC_DChg,-0.3999664133333333,4.194634334348236,2.98611969491614,99.3124318789549,3.264897982100595
RD_RateCapability_0012,3,20,CCCV_Chg,0.4999964066666666,4.858782897542916,3.2837814309297695,99.14631104999961,3.650071346944147
RD_RateCapability_0012,3,22,CC_DChg,0.0,6.086177038357104,3.0613542039640467,99.84964058493124,3.3487359034376754
RD_RateCapability_0025,1,2,CC_DChg,-0.3333002399999999,3.80623109223096,2.9780502194347545,99.31834946900314,3.2530566005941206
RD_RateCapability_0025,1,4,CCCV_Chg,0.1000012933333333,4.9500868208150965,3.231703030308693,99.0676751274147,3.4564775158867453
RD_RateCapability_0025,1,6,CC_DChg,-0.0999662466666666,2.3082297983113986,2.9569904801236664,99.18939494274002,3.29913695441334
RD_RateCapability_0025,1,8,CCCV_Chg,0.2000046133333333,2.100237480831783,3.0916230350713705,97.96386317914177,3.4596711612252946
RD_RateCapability_0025,1,10,CC_DChg,-0.1999669333333333,2.922480073498769,2.9662787041675784,99.19883464070811,3.2830024496266015
RD_RateCapability_0025,1,12,CCCV_Chg,0.30000928,5.018914494556773,3.266523310468047,97.51531423834537,3.4724037397566994
RD_RateCapability_0025,1,14,CC_DChg,-0.2999667066666666,3.441008589057095,2.9713581771633804,99.30233247912209,3.269984310699722
RD_RateCapability_0025,1,16,CCCV_Chg,0.4000114,2.2535557623430593,3.1450815342020277,97.118503127546,3.476726862215902
RD_RateCapability_0025,1,18,CC_DChg,-0.3999672733333334,3.67153371430652,2.9755175119513053,99.30254164479729,3.259326500950836
RD_RateCapability_0025,1,20,CCCV_Chg,0.5000374866666667,4.920523472272977,3.288534536157947,99.26041441642998,3.6500801628248754
RD_RateCapability_0025,1,22,CC_DChg,0.0,3.935038376130558,2.9825982518143053,99.83924344929098,3.3473322580514133
RD_RateCapability_0025,2,4,CCCV_Chg,0.10000098,4.919529566211738,3.2310523976908865,99.15158954784154,3.4604569762973147
RD_RateCapability_0025,2,6,CC_DChg,-0.0999669466666666,5.0926172456649965,3.1294975099274156,99.18746660455209,3.299601100136128
RD_RateCapability_0025,2,8,CCCV_Chg,0.1999958666666666,2.088975407317659,3.088362969828679,98.03631333789541,3.4604867379531083
RD_RateCapability_0025,2,10,CC_DChg,-0.1999663466666666,2.571797029062006,2.9510548177638367,99.19494203961388,3.2843177245050312
RD_RateCapability_0025,2,12,CCCV_Chg,0.2999986133333333,5.000426165342125,3.264143900029121,97.7924830931395,3.4721187859599287
RD_RateCapability_0025,2,14,CC_DChg,-0.2999660266666666,3.421631084984809,2.975945360791288,99.20373475466782,3.271201241451142
RD_RateCapability_0025,2,16,CCCV_Chg,0.4000252466666666,4.908367090987212,3.2786498644434,99.24935659018679,3.6500550867983237
RD_RateCapability_0025,2,18,CC_DChg,-0.3999668533333333,3.697619231244672,2.97634703298862,99.2974877678399,3.25917001989813
RD_RateCapability_0025,2,20,CCCV_Chg,0.4999974199999999,4.844472121751053,3.2887219139887263,99.20002637613804,3.650076195506493
RD_RateCapability_0025,2,22,CC_DChg,-0.4999664199999999,4.06620947996624,2.9848749692201415,99.83910532118257,3.3455657663355383
RD_RateCapability_0025,3,4,CCCV_Chg,0.1000110066666666,4.945434864033559,3.2304885324340424,99.16700359458412,3.4542859555186456
RD_RateCapability_0025,3,6,CC_DChg,0.0,2.175122620649249,2.9510008378832744,99.18806643969661,3.3013738586939234
RD_RateCapability_0025,3,8,CCCV_Chg,0.20000176,5.011407922289705,3.2511987344864135,97.91178958273657,3.4643693775598283
RD_RateCapability_0025,3,10,CC_DChg,-0.1999664,2.8358629361404772,2.9613742019162115,99.19382362020104,3.2832764598715163
RD_RateCapability_0025,3,12,CCCV_Chg,0.30000264,4.93175662444352,3.2649100521691565,97.64911151159123,3.472705358526206
RD_RateCapability_0025,3,14,CC_DChg,-0.2999667533333333,3.4270133463314405,2.977333683146616,99.20408483730631,3.2704817511141697
RD_RateCapability_0025,3,16,CCCV_Chg,0.4000011933333333,4.943445959153068,3.2768463035944584,99.31573976291892,3.650054901008435
RD_RateCapability_0025,3,18,CC_DChg,-0.39996676,3.5379845497859734,2.9723233010267496,99.29618336443636,3.2584566067412055
RD_RateCapability_0025,3,20,CCCV_Chg,0.50000308,4.940543459398636,3.287229731774194,99.2096104172437,3.650109442792956
RD_RateCapability_0025,3,22,CC_DChg,-0.4999671799999999,3.798968603499495,2.9786916344515215,99.84013577140038,3.349400586186323
RD_RateCapability_0034,1,2,CC_DChg,-0.3332996866666667,4.551966703295724,2.9464353420915326,99.66443794752519,3.253295133475939
RD_RateCapability_0034,1,4,CCCV_Chg,0.1000025333333333,4.718809387852675,3.2363469863421472,98.62571943753655,3.464829806719866
RD_RateCapability_0034,1,6,CC_DChg,-0.0999669733333333,2.669249116672906,2.9689829322015857,99.29364350740232,3.297202055989047
RD_RateCapability_0034,1,8,CCCV_Chg,0.1999987066666666,2.0119773815013877,3.096314516013741,96.76182593536195,3.4673834112583832
RD_RateCapability_0034,1,10,CC_DChg,-0.1999672466666666,3.6966853587586117,2.976331233671767,99.31271992701582,3.2798623940304683
RD_RateCapability_0034,1,12,CCCV_Chg,0.3000026,4.759559084301934,3.273521431686838,98.85441400248814,3.650030022059258
RD_RateCapability_0034,1,14,CC_DChg,-0.29996714,4.30030238892905,2.963920131302801,99.32680452753893,3.264150617436852
RD_RateCapability_0034,1,16,CCCV_Chg,0.4000044533333333,4.574444307249853,3.287485329283767,98.57271992977631,3.6500438087247296
RD_RateCapability_0034,1,18,CC_DChg,-0.3999665733333333,4.53726604093513,2.9500175636604773,99.4267762264949,3.257418398237275
RD_RateCapability_0034,1,20,CCCV_Chg,0.49999872,4.552945591418628,3.298125627536251,98.18547974309215,3.6500567919901314
RD_RateCapability_0034,1,22,CC_DChg,-0.49996638,4.694948654208202,2.9382845436288516,99.44089394922582,3.2441993202170187
RD_RateCapability_0034,2,4,CCCV_Chg,0.0999997266666666,4.575679212966701,3.235361689243552,98.72841265555971,3.459926015111846
RD_RateCapability_0034,2,6,CC_DChg,-0.0999667666666666,5.337570079440562,3.11832120929549,99.28993907660653,3.297693434040258
RD_RateCapability_0034,2,8,CCCV_Chg,0.1999980333333333,2.095405190795665,3.0989256916125947,97.09286460193616,3.4640203810407697
RD_RateCapability_0034,2,10,CC_DChg,-0.19996682,3.539688469084418,2.979591925857897,99.30690621926486,3.2829522539931
RD_RateCapability_0034,2,12,CCCV_Chg,0.30000076,4.816431427444311,3.26894331446172,99.00021618824712,3.6500356735704087
RD_RateCapability_0034,2,14,CC_DChg,-0.2999665933333333,4.5410083324554,2.970758683048256,99.31373278527494,3.2682273181124626
RD_RateCapability_0034,2,16,CCCV_Chg,0.3999977466666666,4.553890630127086,3.286091847349809,98.58320185846357,3.650023784191001
RD_RateCapability_0034,2,18,CC_DChg,-0.3999662466666667,4.823260686370276,2.958510100221871,99.41955907165865,3.252849341477058
RD_RateCapability_0034,2,20,CCCV_Chg,0.5000242466666667,4.488281116762606,3.2997296150069952,98.27631712817053,3.650042144593181
RD_RateCapability_0034,2,22,CC_DChg,-0.4999664466666667,5.04741456742953,2.9630871309258646,99.41818083466269,3.2388456586479517
RD_RateCapability_0034,3,4,CCCV_Chg,0.1000054933333333,4.680952557964639,3.2348698345069375,98.90884123338043,3.4562319537749855
RD_RateCapability_0034,3,6,CC_DChg,0.0,2.681885612620275,2.9704600564860515,99.29060721208494,3.3001435731007334
RD_RateCapability_0034,3,8,CCCV_Chg,0.1999957533333333,2.0972238165370314,3.0995440295574808,96.98088533842109,3.4658033225303124
RD_RateCapability_0034,3,10,CC_DChg,-0.1999666133333333,3.6864989820615306,2.9773523238896455,99.31089540159095,3.2809079514129733
RD_RateCapability_0034,3,12,CCCV_Chg,0.2999962933333333,4.750236557848503,3.272468678340309,98.97458586363324,3.6500324999564815
RD_RateCapability_0034,3,14,CC_DChg,-0.2999672333333333,4.3114743650958465,2.9733982340455554,99.32907127503402,3.266568329536825
RD_RateCapability_0034,3,16,CCCV_Chg,0.4000006733333333,4.676658534936411,3.283966430951089,98.5872399374956,3.650050421358209
RD_RateCapability_0034,3,18,CC_DChg,-0.39996726,4.194104959028729,2.9438170048347274,99.42760997552358,3.2569852237344814
RD_RateCapability_0034,3,20,CCCV_Chg,0.4999970866666666,4.586959230701091,3.2961797218452316,98.50249374997617,3.6500557396702487
RD_RateCapability_0034,3,22,CC_DChg,-0.4999666733333333,4.442697195282529,2.9552742718423772,99.4291643328111,3.2416704340178497
RD_RateCapability_0040,1,2,CC_DChg,-0.3332994066666667,3.830566159356691,2.9773764083848624,99.31510165787275,3.247036425083988
RD_RateCapability_0040,1,4,CCCV_Chg,0.10000144,4.948517253280641,3.224311972366021,99.16272594202316,3.4506855093597935
RD_RateCapability_0040,1,6,CC_DChg,-0.0999663933333333,2.321694194682348,2.95646807909303,99.19063883333979,3.293037338542565
RD_RateCapability_0040,1,8,CCCV_Chg,0.20000054,5.021930491856223,3.2444589466755085,98.1384718456628,3.4607694698283926
RD_RateCapability_0040,1,10,CC_DChg,-0.1999666733333333,2.8211269167735904,2.957668110562761,99.19455782603502,3.2770072395389738
RD_RateCapability_0040,1,12,CCCV_Chg,0.30002504,5.023756394082087,3.258401774521075,97.65076743855664,3.469707413659443
RD_RateCapability_0040,1,14,CC_DChg,-0.2999661666666667,3.3187333176521414,2.9636426106618674,99.29263718042336,3.2637510900566737
RD_RateCapability_0040,1,16,CCCV_Chg,0.4000186866666667,4.930284759529535,3.2715377022789958,97.4142369089226,3.4767773788336
RD_RateCapability_0040,1,18,CC_DChg,-0.3999661,5.814791928125215,3.0713257622331422,99.84325304601309,3.3502242197081586
RD_RateCapability_0040,1,20,CCCV_Chg,0.5000159866666667,4.848535585560148,3.279218762607616,97.16010510649303,3.480670721464028
RD_RateCapability_0040,1,22,CC_DChg,-0.4999665333333333,5.794310014761708,3.0551510871369527,99.84379376244785,3.3453200767480826
RD_RateCapability_0040,2,4,CCCV_Chg,0.1000020133333333,4.9315584000321495,3.224061646574991,99.23583666535103,3.454220308452492
RD_RateCapability_0040,2,6,CC_DChg,-0.0999669,5.072910406136393,3.1234687508842125,99.83752437025753,3.3944586680412017
RD_RateCapability_0040,2,8,CCCV_Chg,0.20000094,5.030505578985977,3.2431198888673594,98.29717821413688,3.4581453807126894
RD_RateCapability_0040,2,10,CC_DChg,-0.1999668533333333,2.66983475100066,2.9574747773960803,99.20088338823015,3.280419221046043
RD_RateCapability_0040,2,12,CCCV_Chg,0.3000064066666666,2.332404779716784,3.11291362990757,97.9072507213312,3.4653536521700015
RD_RateCapability_0040,2,14,CC_DChg,-0.2999665333333333,3.313393404278443,2.964327541406349,99.20189392892529,3.267155644095327
RD_RateCapability_0040,2,16,CCCV_Chg,0.40000088,4.937258001386415,3.268540058489976,97.41983085444781,3.4758774569678708
RD_RateCapability_0040,2,18,CC_DChg,-0.3999668266666666,5.81912908419401,3.0711043572835504,99.84188793714206,3.3503745210927893
RD_RateCapability_0040,2,20,CCCV_Chg,0.5000217533333333,4.8359508050533195,3.2783025588015446,99.31762837740978,3.6500900738093733
RD_RateCapability_0040,2,22,CC_DChg,-0.4999669933333333,3.679498104897636,2.959324670018244,99.32290968526111,3.2497305833731898
RD_RateCapability_0040,3,4,CCCV_Chg,0.1000057666666666,4.959752770525569,3.2227219865122843,99.25525957672352,3.446600075245839
RD_RateCapability_0040,3,6,CC_DChg,0.0,2.3088754719087863,2.9566635988433863,99.19260433800702,3.2955461668084722
RD_RateCapability_0040,3,8,CCCV_Chg,0.1999990066666666,5.026418464544083,3.2424581753814588,98.14160580610451,3.4599467046883183
RD_RateCapability_0040,3,10,CC_DChg,-0.19996728,2.9007993356676276,2.9644622261567766,99.19575307397264,3.278208082010843
RD_RateCapability_0040,3,12,CCCV_Chg,0.30003058,4.997040498290155,3.257645250597635,97.78880529741971,3.468099437847957
RD_RateCapability_0040,3,14,CC_DChg,-0.2999669066666666,5.672742526614977,3.084601622928821,99.83971764169694,3.361316962181498
RD_RateCapability_0040,3,16,CCCV_Chg,0.4000237399999999,4.923478891146993,3.2684885955025655,97.22587380663799,3.4773632684219904
RD_RateCapability_0040,3,18,CC_DChg,-0.3999664066666666,3.558006428932534,2.969222568845472,99.29970564995878,3.252730879258033
RD_RateCapability_0040,3,20,CCCV_Chg,0.5000469666666667,4.846700300946507,3.277545528027195,99.31835405061332,3.6500842377858955
RD_RateCapability_0040,3,22,CC_DChg,-0.49996694,3.542444493261195,2.9556365914131986,99.32443540936384,3.2499521153472752
RD_RateCapability_0043,1,2,CC_DChg,-0.33330038,4.077292050046802,2.9694110206135096,99.4137561813543,3.263203173779909
RD_RateCapability_0043,1,4,CCCV_Chg,0.0999995666666666,4.591059437459608,3.2327462860450615,99.14657748080569,3.460565036480199
RD_RateCapability_0043,1,6,CC_DChg,-0.0999672066666666,2.08212120715831,2.9483062887204454,99.1861045257676,3.300695709007641
RD_RateCapability_0043,1,8,CCCV_Chg,0.19999612,4.870295236564778,3.252909798726796,97.89611459981509,3.4664607752208796
RD_RateCapability_0043,1,10,CC_DChg,-0.1999668866666666,3.056785364717007,2.975302752432279,99.19539567347923,3.2838982506268493
RD_RateCapability_0043,1,12,CCCV_Chg,0.2999961066666666,4.776091549527981,3.2676767847861456,97.26025457932836,3.4790712397488908
RD_RateCapability_0043,1,14,CC_DChg,-0.2999664466666666,3.913407998267289,2.9873217379917882,99.19911656808995,3.269819368829833
RD_RateCapability_0043,1,16,CCCV_Chg,0.40000026,4.565004861299797,3.2816481703965694,96.6963886166083,3.4871695647452077
RD_RateCapability_0043,1,18,CC_DChg,-0.3999661933333333,4.302629041544935,2.9895444985967696,99.29729504480758,3.257790908361473
RD_RateCapability_0043,1,20,CCCV_Chg,0.4999962466666666,4.484366731106103,3.292139564116087,99.06647147854153,3.6500823681517716
RD_RateCapability_0043,1,22,CC_DChg,-0.4999664066666667,6.303971491079186,3.0356775662458295,99.84738325632799,3.3427562783209326
RD_RateCapability_0043,2,4,CCCV_Chg,0.0999985266666666,24.197481755548676,3.3303803780394903,99.03944337394344,3.444151450319788
RD_RateCapability_0043,2,6,CC_DChg,-0.09996612,4.918579411786861,3.1340093329621443,99.19281196275254,3.3040768909883225
RD_RateCapability_0043,2,8,CCCV_Chg,0.1999961866666667,4.859152314903246,3.248591675209317,98.2704291937521,3.4652679139015126
RD_RateCapability_0043,2,10,CC_DChg,-0.1999673066666666,2.803118764151833,2.970527126952793,99.18942422930331,3.285585681738874
RD_RateCapability_0043,2,12,CCCV_Chg,0.29999538,4.859441294964681,3.264672410377114,97.75933918821714,3.475223848320528
RD_RateCapability_0043,2,14,CC_DChg,-0.29996604,3.80154117647895,2.9917051450940124,99.3102797904485,3.2715249302066964
RD_RateCapability_0043,2,16,CCCV_Chg,0.4000174666666666,4.574443456297101,3.2798694200816945,99.21076975119708,3.6500487857181545
RD_RateCapability_0043,2,18,CC_DChg,-0.3999668133333333,4.43125863448262,2.9999303921908043,99.8465387016757,3.354638662112601
RD_RateCapability_0043,2,20,CCCV_Chg,0.4999978866666667,1.878402428467172,3.1561577006615056,96.05083326142679,3.4913447357258813
RD_RateCapability_0043,2,22,CC_DChg,-0.49996628,3.9250730787923858,2.971511602466309,99.31594070759078,3.2520367811534605
RD_RateCapability_0043,3,4,CCCV_Chg,0.1008952733333333,4.6880182508153325,3.2317160162893743,99.45999444246645,3.453781710610157
RD_RateCapability_0043,3,6,CC_DChg,0.0,2.0665143737625247,2.9502669784824933,99.18330014449764,3.3040084424802525
RD_RateCapability_0043,3,8,CCCV_Chg,0.1999961866666667,2.075354691991394,3.0931583173585198,97.94033816769014,3.464148308447693
RD_RateCapability_0043,3,10,CC_DChg,-0.1999669933333333,2.8216536046447915,2.964163197684724,99.1867979843544,3.2842812786125224
RD_RateCapability_0043,3,12,CCCV_Chg,0.3000166266666667,4.784551137901839,3.2649383782224204,97.60132926060241,3.477026893837822
RD_RateCapability_0043,3,14,CC_DChg,-0.2999667666666666,3.6735802317488844,2.985656795224895,99.19737067206806,3.2708608651847455
RD_RateCapability_0043,3,16,CCCV_Chg,0.39999552,4.669633617015997,3.280631574740121,99.27090054721668,3.6500522387815737
RD_RateCapability_0043,3,18,CC_DChg,0.0,5.936851946695255,3.0644624524392663,99.84173998880668,3.350150718623511
RD_RateCapability_0043,3,20,CCCV_Chg,0.5000030333333334,4.595378776162141,3.290921228054903,99.2436617094789,3.6500731094538135
RD_RateCapability_0043,3,22,CC_DChg,-0.4999670599999999,3.812107852680762,2.9683196104800382,99.3117330726907,3.252375212510631
RD_RateCapability_0046,1,2,CC_DChg,-0.3333002866666666,3.8102699770465676,2.9837659241759793,99.42144282623978,3.2690930502861044
RD_RateCapability_0046,1,4,CCCV_Chg,0.0999975666666666,4.743104545249177,3.229471407987945,99.23899284265383,3.457958268948737
RD_RateCapability_0046,1,6,CC_DChg,-0.0999662866666666,2.0738301771502052,2.953164932906205,99.17735080737828,3.3030965912407044
RD_RateCapability_0046,1,8,CCCV_Chg,0.20000156,1.984817804269109,3.081444847825822,98.10297917992617,3.4599656812756217
RD_RateCapability_0046,1,10,CC_DChg,-0.1999660933333333,2.5667956716151723,2.9554236852122844,99.18199279642167,3.288312023324487
RD_RateCapability_0046,1,12,CCCV_Chg,0.2999998533333333,4.869298931688625,3.2599692013430137,97.70928391244027,3.472720668164189
RD_RateCapability_0046,1,14,CC_DChg,-0.2999660333333333,3.411250927236287,2.9815012827967493,99.19508513128186,3.2764481681166084
RD_RateCapability_0046,1,16,CCCV_Chg,0.40001258,4.714724984752058,3.2719327820265103,97.3378433048875,3.4804456445180794
RD_RateCapability_0046,1,18,CC_DChg,-0.3999669066666667,3.9437115745274225,2.9971752144496957,99.84615525741289,3.3634826215126754
RD_RateCapability_0046,1,20,CCCV_Chg,0.5000306466666667,4.686763826802936,3.281453894231837,99.31441307038301,3.6500585588968164
RD_RateCapability_0046,1,22,CC_DChg,-0.4999664866666666,3.926889878772942,2.9714922337922345,99.30855928840128,3.2603627747878408
RD_RateCapability_0046,2,4,CCCV_Chg,0.0999987066666666,4.70941140759728,3.2312509894610666,99.23344656491889,3.4588579457866673
RD_RateCapability_0046,2,6,CC_DChg,-0.0999673066666666,2.072588412859064,2.9551179463326145,99.18088397692324,3.304432825969321
RD_RateCapability_0046,2,8,CCCV_Chg,0.199998,4.876228143264438,3.244448722246393,98.4076325766147,3.4632152152277786
RD_RateCapability_0046,2,10,CC_DChg,-0.19996678,2.560105367445641,2.962663179532469,99.18394375375216,3.289360405215929
RD_RateCapability_0046,2,12,CCCV_Chg,0.2999957066666666,4.885039890132905,3.258004350951313,98.04419659559468,3.4711757033296866
RD_RateCapability_0046,2,14,CC_DChg,-0.2999666333333333,3.3071409982325433,2.9792199220250617,99.19288822500442,3.276703573034118
RD_RateCapability_0046,2,16,CCCV_Chg,0.4000013866666667,4.715786984699345,3.2713398662260746,97.41281704464953,3.480999480035094
RD_RateCapability_0046,2,18,CC_DChg,-0.3999663066666666,3.9212908183302013,2.9974195274031477,99.19903747915967,3.2654802927306537
RD_RateCapability_0046,2,20,CCCV_Chg,0.5000428733333334,4.692522916871097,3.2819627848922996,99.30552804789576,3.6500736256987323
RD_RateCapability_0046,2,22,CC_DChg,-0.49996612,3.6678533948583394,2.980090139881295,99.31141684414904,3.2618455569790616
RD_RateCapability_0046,3,4,CCCV_Chg,0.1000104066666666,4.810192509196813,3.229218973481652,99.54166688823942,3.4634701517335826
RD_RateCapability_0046,3,6,CC_DChg,0.0,2.0736251310370344,2.9563959435062537,99.1810609017144,3.3054186780158874
RD_RateCapability_0046,3,8,CCCV_Chg,0.2000018,4.892257433909576,3.245339768409927,98.19673825820944,3.461958233830614
RD_RateCapability_0046,3,10,CC_DChg,-0.1999664466666666,5.0602257683834555,3.110010768068272,99.83573152103001,3.3834638828000587
RD_RateCapability_0046,3,12,CCCV_Chg,0.3000051999999999,4.876471778058151,3.2577868623598416,97.97649418527648,3.4701894973167864
RD_RateCapability_0046,3,14,CC_DChg,-0.2999664066666667,3.059466841818016,2.969024758928067,99.19115551578689,3.2776000213122916
RD_RateCapability_0046,3,16,CCCV_Chg,0.4000143933333333,2.2252043715439576,3.135091779606023,97.513691981482,3.474578568023039
RD_RateCapability_0046,3,18,CC_DChg,0.0,3.302404800837912,2.970679783143433,99.29368603754332,3.268116155212005
RD_RateCapability_0046,3,20,CCCV_Chg,0.5000075599999999,4.779423953656865,3.2797414081862453,97.40706650375633,3.4859906064111965
RD_RateCapability_0046,3,22,CC_DChg,-0.4999668466666666,5.416703358930237,3.06759086469937,99.83808991148663,3.357969749534076
RD_RateCapability_0049,1,2,CC_DChg,-0.33330036,3.8147943859360054,2.976509432046915,99.41918264512027,3.2506022407478503
RD_RateCapability_0049,1,4,CCCV_Chg,0.0999988,2.3382965181551087,3.096453687889502,99.04745466325602,3.459018652459811
RD_RateCapability_0049,1,6,CC_DChg,-0.0999672733333333,2.2050758307943745,2.9616979980040505,99.18928176197358,3.299583075503805
RD_RateCapability_0049,1,8,CCCV_Chg,0.19999652,2.0950612994267015,3.0976378874362687,97.60226166402275,3.467771077404884
RD_RateCapability_0049,1,10,CC_DChg,-0.19996612,2.7966420864057127,2.970145046105171,99.29331590361403,3.2828787439608362
RD_RateCapability_0049,1,12,CCCV_Chg,0.30000054,4.888634863301845,3.271568158157547,99.42347095628135,3.650035582335805
RD_RateCapability_0049,1,14,CC_DChg,-0.2999661666666667,3.5616628911796973,2.980085241004091,99.84236836890388,3.3626385383009243
RD_RateCapability_0049,1,16,CCCV_Chg,0.39999638,2.1077719017696297,3.14169919628152,96.67889347517112,3.486662745213845
RD_RateCapability_0049,1,18,CC_DChg,-0.39996682,3.5621316254476976,2.966831904775835,99.30598307087638,3.2568921112254485
RD_RateCapability_0049,1,20,CCCV_Chg,0.4999958333333333,1.8821441682624698,3.141086255418884,96.36756204033993,3.4916270596927674
RD_RateCapability_0049,1,22,CC_DChg,0.0,3.809578611299735,2.9639605257001174,99.20763997836545,3.245198282419774
RD_RateCapability_0049,2,4,CCCV_Chg,0.1000052666666666,4.90525544156971,3.23511483144783,99.2249344006438,3.4637244434287546
RD_RateCapability_0049,2,6,CC_DChg,-0.09996722,2.1892339850708264,2.9620372568580127,99.1865595097218,3.3005969252649923
RD_RateCapability_0049,2,8,CCCV_Chg,0.1999964199999999,4.902568193405572,3.2537558050787325,97.95924727656286,3.4683197712063976
RD_RateCapability_0049,2,10,CC_DChg,-0.1999661933333333,2.6825465601983742,2.9694292446972956,99.19287029736887,3.2837632766560554
RD_RateCapability_0049,2,12,CCCV_Chg,0.2999964933333333,2.097690137890897,3.113039462329621,97.39254830456649,3.47558699562823
RD_RateCapability_0049,2,14,CC_DChg,-0.29996614,3.2945856640627316,2.971267308585886,99.28906154625005,3.2717897986967355
RD_RateCapability_0049,2,16,CCCV_Chg,0.3999957666666666,2.1073164597324383,3.1371753308377652,96.70275854123466,3.484357070802923
RD_RateCapability_0049,2,18,CC_DChg,-0.39996634,3.9050069940366683,2.9857209887909977,99.84707303963008,3.353853045070939
RD_RateCapability_0049,2,20,CCCV_Chg,0.4999953266666666,2.120600787530133,3.155337115275609,96.38996382092658,3.4914821013116457
RD_RateCapability_0049,2,22,CC_DChg,-0.4999669133333333,4.074386602631693,2.979508948479156,99.85391877928406,3.3441309289794674
RD_RateCapability_0049,3,4,CCCV_Chg,0.0999976733333333,2.4361834845837946,3.1105718089245262,99.22445301464951,3.4579172391938426
RD_RateCapability_0049,3,6,CC_DChg,0.0,2.1905803420777157,2.9619432324400417,99.19200201762263,3.3016042970032946
RD_RateCapability_0049,3,8,CCCV_Chg,0.2000004933333333,2.0944276351960385,3.0958636813443636,97.55809644168872,3.465278353344241
RD_RateCapability_0049,3,10,CC_DChg,-0.19996662,2.937662968518133,2.9738168518938406,99.20262932269203,3.282023289615006
RD_RateCapability_0049,3,12,CCCV_Chg,0.3000002066666666,4.872420625565065,3.2704553102327627,99.41913641327604,3.6500378472319697
RD_RateCapability_0049,3,14,CC_DChg,-0.29996662,3.185350492354576,2.96741774338169,99.20493274416535,3.2694406532114266
RD_RateCapability_0049,3,16,CCCV_Chg,0.39999566,2.1036320741608576,3.1360139831265736,96.92767346732917,3.4840692781210296
RD_RateCapability_0049,3,18,CC_DChg,-0.3999670333333333,3.9224220836105768,2.974266645155709,99.84642062926922,3.3550033476516927
RD_RateCapability_0049,3,20,CCCV_Chg,0.5000016866666667,4.680085852396807,3.2940185954138936,99.34688092740605,3.6500898295023974
RD_RateCapability_0049,3,22,CC_DChg,0.0,3.802718870313547,2.9663666715587214,99.31705798120693,3.247589247124643
RD_RateCapability_0050,1,2,CC_DChg,-0.3332998,3.1787560292823014,2.960735215231695,99.43959863793896,3.2592116117050907
RD_RateCapability_0050,1,4,CCCV_Chg,0.1000016866666666,5.0996269233432345,3.2289743462824085,99.23797091345617,3.459612821950728
RD_RateCapability_0050,1,6,CC_DChg,-0.0999662133333333,5.193338616457907,3.1280928625527213,99.19676360757165,3.303879296146692
RD_RateCapability_0050,1,8,CCCV_Chg,0.19999632,2.225362754160866,3.094171537920488,98.25270109902951,3.4633641275383806
RD_RateCapability_0050,1,10,CC_DChg,-0.1999664533333333,2.6741326797307017,2.9600171570806046,99.20825142159181,3.2867492911643885
RD_RateCapability_0050,1,12,CCCV_Chg,0.2999969866666666,2.1013431591548306,3.1052060954833367,97.83046901111071,3.470150460915285
RD_RateCapability_0050,1,14,CC_DChg,-0.29996622,2.934002377232138,2.956161049241565,99.29682855546959,3.2746707049663977
RD_RateCapability_0050,1,16,CCCV_Chg,0.3999960266666666,4.929037326038631,3.275502515900679,99.4766707259535,3.6500633483521843
RD_RateCapability_0050,1,18,CC_DChg,-0.3999669133333333,3.169779844166883,2.9641592025903036,99.30609406900709,3.263792434816225
RD_RateCapability_0050,1,20,CCCV_Chg,0.50000064,2.338212338006763,3.148075230597895,97.38247701883608,3.483330946165349
RD_RateCapability_0050,1,22,CC_DChg,0.0,3.1736842410589197,2.960476773908233,99.29410275737197,3.2549629095511423
RD_RateCapability_0050,2,4,CCCV_Chg,0.10001524,2.4340440519905857,3.0921926815238727,99.15274265640818,3.45215084354484
RD_RateCapability_0050,2,6,CC_DChg,-0.0999663066666666,5.193748337722777,3.131158991811634,99.19720345640195,3.3054497781241916
RD_RateCapability_0050,2,8,CCCV_Chg,0.1999957466666666,5.015186709908695,3.247435614603947,98.33606690239658,3.46570177621727
RD_RateCapability_0050,2,10,CC_DChg,-0.1999672666666666,2.674628865183935,2.9660034283295382,99.19845061723302,3.288050123999834
RD_RateCapability_0050,2,12,CCCV_Chg,0.3000006133333333,2.2384406507767105,3.1118675629798918,98.03321130111944,3.470080831095011
RD_RateCapability_0050,2,14,CC_DChg,-0.29996624,2.826900188518595,2.9595423131901897,99.29720858670872,3.2766475794839107
RD_RateCapability_0050,2,16,CCCV_Chg,0.3999962933333333,5.006496784714727,3.273487870602974,97.63396298793664,3.4805322981130806
RD_RateCapability_0050,2,18,CC_DChg,-0.39996706,3.040385746019134,2.959517479174509,99.29924307344587,3.264334675193095
RD_RateCapability_0050,2,20,CCCV_Chg,0.4999979133333333,4.94373869637525,3.284556414235528,97.46035343394567,3.4857706798219357
RD_RateCapability_0050,2,22,CC_DChg,-0.4999660933333333,5.778521036009709,3.0771224497110157,99.84843746145319,3.355705973625489
RD_RateCapability_0050,3,4,CCCV_Chg,0.1000002133333333,5.098207545427809,3.2292040827155035,99.24651379919072,3.4539095417323415
RD_RateCapability_0050,3,6,CC_DChg,0.0,5.192174124273732,3.1316953781275307,99.19639552897527,3.305544675888728
RD_RateCapability_0050,3,8,CCCV_Chg,0.2000069133333333,2.094683373822729,3.0837141617163457,98.18572969265495,3.462787896728952
RD_RateCapability_0050,3,10,CC_DChg,-0.1999663066666666,2.69150166467019,2.9616992772178468,99.19948203015042,3.286413795280556
RD_RateCapability_0050,3,12,CCCV_Chg,0.2999955666666666,4.93644920402444,3.2630739281659196,99.56062309891561,3.6500584807409417
RD_RateCapability_0050,3,14,CC_DChg,-0.2999672266666666,2.9283172324227738,2.9624462027917406,99.29845496144463,3.2738189785074736
RD_RateCapability_0050,3,16,CCCV_Chg,0.3999976733333333,4.943733936979229,3.27369363508899,97.75785074691248,3.479912139838576
RD_RateCapability_0050,3,18,CC_DChg,-0.3999671333333333,3.0368102866381617,2.959095689120811,99.3085570754099,3.264527569156137
RD_RateCapability_0050,3,20,CCCV_Chg,0.49999658,2.2065112481318483,3.140419964385269,97.25553671814211,3.482801642829402
RD_RateCapability_0050,3,22,CC_DChg,-0.4999662399999999,3.0295428656387102,2.9558264201905446,99.29648432129882,3.254165202858062
RD_RateCapability_0056,1,2,CC_DChg,-0.33329988,4.19029241902184,2.9615273399029256,99.56297560475369,3.2678045028602747
RD_RateCapability_0056,1,4,CCCV_Chg,0.09999904,4.716125972931648,3.232139331736658,98.97379833592082,3.458822657919989
RD_RateCapability_0056,1,6,CC_DChg,-0.0999667466666666,2.3166902530703295,2.9532011865433376,99.19277597591434,3.301298769365293
RD_RateCapability_0056,1,8,CCCV_Chg,0.1999991066666666,4.9344275805494,3.249691813180445,97.5659986619771,3.4612676166478127
RD_RateCapability_0056,1,10,CC_DChg,-0.1999672066666666,3.4278122854644426,2.982309260727132,99.19902708875003,3.286214122024672
RD_RateCapability_0056,1,12,CCCV_Chg,0.3000056933333333,4.823146805162007,3.2629062622491003,99.14507103132938,3.650028371232012
RD_RateCapability_0056,1,14,CC_DChg,-0.2999671933333333,4.059905393370712,2.9815380861044063,99.30656120306732,3.2740190579242046
RD_RateCapability_0056,1,16,CCCV_Chg,0.39999622,4.712267313266932,3.275059337653929,98.99260189437742,3.6500466429678906
RD_RateCapability_0056,1,18,CC_DChg,-0.3999671533333333,4.406048381907499,2.9846894393804546,99.3101938460662,3.2641878462701697
RD_RateCapability_0056,1,20,CCCV_Chg,0.4999961866666666,4.672244666525432,3.2839790043226396,99.82056746389165,3.666185602708511
RD_RateCapability_0056,1,22,CC_DChg,-0.4999668799999999,4.303950283733107,2.9641497803690635,99.43722714178793,3.248367444287622
RD_RateCapability_0056,2,4,CCCV_Chg,0.1000326199999999,24.231675831105818,3.326641002091996,98.96727137473255,3.4445104042063703
RD_RateCapability_0056,2,6,CC_DChg,-0.0999664266666666,5.088888332110485,3.13414562866193,99.19836945158717,3.3038075490983387
RD_RateCapability_0056,2,8,CCCV_Chg,0.19999802,4.999346445366569,3.2467978554434898,97.7828743616794,3.4604652359989
RD_RateCapability_0056,2,10,CC_DChg,0.0,3.073638031367282,2.9718703199056975,99.20403156317883,3.287978654951147
RD_RateCapability_0056,2,12,CCCV_Chg,0.2999990333333333,4.843872410420999,3.261710805280276,99.16299215756055,3.6500500916502774
RD_RateCapability_0056,2,14,CC_DChg,-0.2999673133333333,4.081093678817212,2.9772116555704375,99.29842717690654,3.274359490757207
RD_RateCapability_0056,2,16,CCCV_Chg,0.4000025,4.654959262476664,3.2747076795374217,98.8797159399406,3.650043826877485
RD_RateCapability_0056,2,18,CC_DChg,-0.3999661066666667,4.6750059876774825,2.983820099692286,99.30439016741481,3.2625375613621985
RD_RateCapability_0056,2,20,CCCV_Chg,0.5000146333333333,4.617217951637345,3.2861226840420574,98.77198564078451,3.650058096478379
RD_RateCapability_0056,2,22,CC_DChg,-0.4999672333333333,4.455902260389808,2.9537000550989383,99.43396294915927,3.258060985319592
RD_RateCapability_0056,3,4,CCCV_Chg,0.0999994199999999,24.40134277245931,3.327433947237302,98.87926810490451,3.44382667959653
RD_RateCapability_0056,3,6,CC_DChg,0.0,5.08450897116838,3.134019177971998,99.19682213756575,3.3035792316627535
RD_RateCapability_0056,3,8,CCCV_Chg,0.1999958333333333,5.0008564657494325,3.246460026033526,99.38898895288081,3.650031039952885
RD_RateCapability_0056,3,10,CC_DChg,-0.19996728,3.317567730361831,2.980707347842122,99.20207636998673,3.2869675451062563
RD_RateCapability_0056,3,12,CCCV_Chg,0.2999956266666667,4.837501546586565,3.261124850465317,97.02395982097667,3.4685196704609016
RD_RateCapability_0056,3,14,CC_DChg,-0.2999661733333333,3.820906639097407,2.9834481195076314,99.29448445016551,3.275375354830563
RD_RateCapability_0056,3,16,CCCV_Chg,0.3999954933333333,4.751084182175747,3.2714914819559677,99.02966077789758,3.6500346811838886
RD_RateCapability_0056,3,18,CC_DChg,-0.3999663466666666,4.415555184555676,2.985492829977031,99.31129061896702,3.264620037439813
RD_RateCapability_0056,3,20,CCCV_Chg,0.4999957933333333,4.653744223288804,3.283303445078836,98.87833162964758,3.650061787892628
RD_RateCapability_0056,3,22,CC_DChg,-0.49996732,4.291220193571274,2.9609915383032646,99.54939953912036,3.259913998019913
RD_RateCapability_0057,1,2,CC_DChg,-0.3332993666666667,3.322964328345933,2.9641363050076013,99.32639994377513,3.25589110110329
RD_RateCapability_0057,1,4,CCCV_Chg,0.0999987066666666,5.211557956934349,3.2297916286735604,99.14954859523353,3.4586311430127474
RD_RateCapability_0057,1,6,CC_DChg,-0.0999664666666666,2.1987270602667226,2.9534372937362336,99.18601503759449,3.3015549055081572
RD_RateCapability_0057,1,8,CCCV_Chg,0.20000054,5.1367177141922244,3.250527217470072,98.01907747576439,3.464989456333201
RD_RateCapability_0057,1,10,CC_DChg,-0.1999664,2.6947962301706117,2.962862097953423,99.18849185350942,3.285375600439141
RD_RateCapability_0057,1,12,CCCV_Chg,0.2999964866666667,2.241991820001716,3.1124786064519,97.56393024093201,3.470274874435678
RD_RateCapability_0057,1,14,CC_DChg,-0.2999665733333333,3.1874269105994824,2.968881138455659,99.29310866737437,3.273230174705042
RD_RateCapability_0057,1,16,CCCV_Chg,0.4000016733333333,2.2488480808990223,3.130455971837332,97.09929985602503,3.478001385562256
RD_RateCapability_0057,1,18,CC_DChg,-0.39996636,3.3086284755291646,2.9620686225270045,99.19755494923444,3.2615259758548105
RD_RateCapability_0057,1,20,CCCV_Chg,0.50003538,2.2586473334457136,3.1425798194976147,96.97447581350093,3.4835136548530374
RD_RateCapability_0057,1,22,CC_DChg,0.0,3.3000624891880754,2.955808202949974,99.29358002826761,3.252832899221216
RD_RateCapability_0057,2,4,CCCV_Chg,0.10000212,2.5748568498494846,3.1002966624591926,99.14061921042182,3.4577855387957857
RD_RateCapability_0057,2,6,CC_DChg,-0.0999664466666666,2.199586905690078,2.9566433092714823,99.18467796477023,3.3027977407443045
RD_RateCapability_0057,2,8,CCCV_Chg,0.1999958333333333,2.2376337033085396,3.091788778736341,98.00797958264172,3.4600051853937894
RD_RateCapability_0057,2,10,CC_DChg,-0.1999668799999999,2.556157547694779,2.959358142736551,99.19147309196184,3.2860445470026987
RD_RateCapability_0057,2,12,CCCV_Chg,0.3000136533333333,5.12903466741568,3.2631270025236403,97.82947023005451,3.471697525381679
RD_RateCapability_0057,2,14,CC_DChg,-0.2999662066666667,2.9537941453214667,2.9646451197580928,99.19526548967083,3.2743310384844686
RD_RateCapability_0057,2,16,CCCV_Chg,0.4000065733333333,5.077550053254691,3.273333800021134,99.3412467444537,3.650072445799347
RD_RateCapability_0057,2,18,CC_DChg,-0.3999661733333333,3.292998111135614,2.9608573702715653,99.28888780089198,3.260592687812213
RD_RateCapability_0057,2,20,CCCV_Chg,0.49999966,5.0847690322308745,3.2869637415587185,99.3071716438746,3.650088256351787
RD_RateCapability_0057,2,22,CC_DChg,-0.4999668,3.56945380707544,2.965094597859158,99.84781167744711,3.3538426313419474
RD_RateCapability_0057,3,4,CCCV_Chg,0.10000338,5.187998058641534,3.2295186143071626,99.24151372159267,3.455171938182742
RD_RateCapability_0057,3,6,CC_DChg,0.0,2.2878472185997487,2.964652379038594,99.18344448887525,3.3033212148606546
RD_RateCapability_0057,3,8,CCCV_Chg,0.2000073666666666,2.2405627488138338,3.091067785068683,97.85750119818964,3.462258944900145
RD_RateCapability_0057,3,10,CC_DChg,-0.1999660933333333,2.79598979027182,2.9702024960471056,99.1920187161432,3.284938288232447
RD_RateCapability_0057,3,12,CCCV_Chg,0.3000169466666667,2.2490512392123145,3.1130075956107093,97.47427776857343,3.469414167251919
RD_RateCapability_0057,3,14,CC_DChg,-0.2999661799999999,3.04583010942359,2.9631674666199372,99.19566722130295,3.271721978461379
RD_RateCapability_0057,3,16,CCCV_Chg,0.4000052,2.2603016929404336,3.12941830691128,97.16138049527189,3.476380414363746
RD_RateCapability_0057,3,18,CC_DChg,-0.39996612,3.4168998463654834,2.9668088687669187,99.29372134854654,3.2613429919134242
RD_RateCapability_0057,3,20,CCCV_Chg,0.5000113533333334,5.085174132427995,3.2889279351019103,99.23764349907354,3.650081916731911
RD_RateCapability_0057,3,22,CC_DChg,-0.4999663066666666,3.5352521896110134,2.9644623857955916,99.20535092540518,3.2482952978163584
RD_RateCapability_0065,1,2,CC_DChg,-0.3333005933333333,4.054225570385805,2.9703866622354353,99.43332545704035,3.2593374664932417
RD_RateCapability_0065,1,4,CCCV_Chg,0.1000001266666666,4.607490760541319,3.22742290816611,99.16280633031025,3.4524935010596125
RD_RateCapability_0065,1,6,CC_DChg,-0.0999663266666666,2.1647058103100867,2.9511948943748783,99.18698856609439,3.296412377049069
RD_RateCapability_0065,1,8,CCCV_Chg,0.2000055866666666,4.873457693823416,3.2465408955200186,97.92991475575765,3.4603403699117887
RD_RateCapability_0065,1,10,CC_DChg,-0.1999672,3.0422697163079766,2.970911360553794,99.18694892257203,3.279850353151705
RD_RateCapability_0065,1,12,CCCV_Chg,0.3000020266666666,4.775636722020071,3.260779546512771,99.34236698853252,3.6500462009812837
RD_RateCapability_0065,1,14,CC_DChg,-0.2999669333333333,3.805949272792842,2.982974329050385,99.20365199869161,3.265402875389157
RD_RateCapability_0065,1,16,CCCV_Chg,0.3999987333333333,4.607156190668368,3.274244505172454,99.22564792887144,3.650047317209351
RD_RateCapability_0065,1,18,CC_DChg,-0.3999663733333333,4.0715233623058635,2.978410630563832,99.29709965205653,3.253952144220022
RD_RateCapability_0065,1,20,CCCV_Chg,0.50000686,4.5808168598694525,3.28485133159527,99.21396180687185,3.650060141996703
RD_RateCapability_0065,1,22,CC_DChg,-0.4999671266666666,4.180427584214583,2.959084993669438,99.3206509668886,3.2470163841199104
RD_RateCapability_0065,2,4,CCCV_Chg,0.0999978133333333,24.174603289561567,3.32473500883975,99.13451057158977,3.442705914679288
RD_RateCapability_0065,2,6,CC_DChg,-0.0999670466666666,2.0618009776933985,2.947088198559028,99.18322743920524,3.297544583310182
RD_RateCapability_0065,2,8,CCCV_Chg,0.1999995933333333,4.871822607340326,3.2441353649764264,98.2257723372972,3.4590591179459786
RD_RateCapability_0065,2,10,CC_DChg,-0.1999668933333333,2.5613901049520305,2.952220745893977,99.18380940080789,3.2817466448159682
RD_RateCapability_0065,2,12,CCCV_Chg,0.2999959333333333,4.800234474409736,3.2572282527150644,97.79807678340596,3.4711906456461623
RD_RateCapability_0065,2,14,CC_DChg,-0.2999670066666666,3.5699546032350273,2.978173579591588,99.29349875793781,3.2691909663741168
RD_RateCapability_0065,2,16,CCCV_Chg,0.3999956133333333,4.6983876302459535,3.273102528042176,96.90255228411397,3.4795024955605767
RD_RateCapability_0065,2,18,CC_DChg,-0.3999668533333333,5.917554881681158,3.0560991722094855,99.84742735120203,3.3492158871301716
RD_RateCapability_0065,2,20,CCCV_Chg,0.49999594,4.598896622819612,3.284728870277822,96.57182477984465,3.4893675378158284
RD_RateCapability_0065,2,22,CC_DChg,-0.4999671066666666,4.059151424204241,2.9736655135344736,99.43850949631594,3.243719831091723
RD_RateCapability_0065,3,4,CCCV_Chg,0.0999984933333333,4.6800151074821725,3.2265399230979215,99.25464837284025,3.451105155255927
RD_RateCapability_0065,3,6,CC_DChg,0.0,2.0649397992057086,2.945219446482289,99.18509840788953,3.2988636824043303
RD_RateCapability_0065,3,8,CCCV_Chg,0.20000414,2.0780754098545255,3.0879362462314317,97.97636781925652,3.457928859618124
RD_RateCapability_0065,3,10,CC_DChg,-0.19996646,2.807378159334737,2.9552431910292856,99.19333920833128,3.279731120223917
RD_RateCapability_0065,3,12,CCCV_Chg,0.2999955666666666,4.778737829790898,3.259468964385338,97.71573823217756,3.4718468367264967
RD_RateCapability_0065,3,14,CC_DChg,-0.29996678,3.4351901944612946,2.9744803563402993,99.31111206445664,3.2679788048353426
RD_RateCapability_0065,3,16,CCCV_Chg,0.3999996933333333,4.7020932803706526,3.272790353284967,99.19946643605397,3.6500530490770657
RD_RateCapability_0065,3,18,CC_DChg,0.0,3.812223961945772,2.974718451209576,99.32030591303979,3.2553069171306106
RD_RateCapability_0065,3,20,CCCV_Chg,0.5000008666666667,4.617450214213833,3.2833518963807045,99.18389582091517,3.6500818858922726
RD_RateCapability_0065,3,22,CC_DChg,-0.4999660199999999,4.067267262334161,2.9730029521643084,99.3008779683991,3.2441904998666815
RD_RateCapability_0074,1,2,CC_DChg,-0.3332998533333333,4.315173969079645,2.987987693995654,99.32270788611821,3.251700301476874
RD_RateCapability_0074,1,4,CCCV_Chg,0.09999956,4.701897218152924,3.2274635447493,99.14794806226075,3.44065831240582
RD_RateCapability_0074,1,6,CC_DChg,-0.0999662533333333,2.308640236084381,2.9593811814595887,99.19169598315968,3.295929290967457
RD_RateCapability_0074,1,8,CCCV_Chg,0.1999976866666666,4.914659567002391,3.246333156544737,98.08475474364498,3.4609114535853047
RD_RateCapability_0074,1,10,CC_DChg,-0.1999671266666666,2.9620704032388963,2.9647660006395244,99.20283693348397,3.2798161072818983
RD_RateCapability_0074,1,12,CCCV_Chg,0.3000011866666666,4.82283981880674,3.2601538975775948,97.55309597749456,3.4690292347636684
RD_RateCapability_0074,1,14,CC_DChg,-0.2999660333333333,5.782282093115674,3.075524810543169,99.84202744987834,3.3586539041352523
RD_RateCapability_0074,1,16,CCCV_Chg,0.3999958666666667,4.704171285017247,3.273669676328182,97.21245568111334,3.478263318191388
RD_RateCapability_0074,1,18,CC_DChg,-0.39996694,4.063368400856376,2.9844365703934477,99.30453984452232,3.255519231852753
RD_RateCapability_0074,1,20,CCCV_Chg,0.4999959333333333,4.605663333495976,3.2819442561201684,99.17995269703935,3.6500832169129414
RD_RateCapability_0074,1,22,CC_DChg,-0.4999670466666667,4.180768596753801,2.967023310143904,99.32835377710715,3.2496968443858285
RD_RateCapability_0074,2,4,CCCV_Chg,0.1000039466666666,24.447290050767876,3.324461423153493,99.14411341392679,3.4387269822636863
RD_RateCapability_0074,2,6,CC_DChg,-0.0999664533333333,2.0755254265174625,2.9457816059241764,99.19198726399972,3.2975293065746287
RD_RateCapability_0074,2,8,CCCV_Chg,0.2000028866666666,2.083412228677328,3.0850100124679467,98.35359710248102,3.4571414099502116
RD_RateCapability_0074,2,10,CC_DChg,-0.1999672066666666,2.794360554596045,2.968619657213386,99.19106006133693,3.281714087370604
RD_RateCapability_0074,2,12,CCCV_Chg,0.2999955333333333,4.896483779848708,3.2564744548759754,97.97633875391206,3.4680425100376366
RD_RateCapability_0074,2,14,CC_DChg,-0.2999669266666666,5.546556352589685,3.078779439431683,99.84301574190792,3.364744541985888
RD_RateCapability_0074,2,16,CCCV_Chg,0.3999978266666666,4.792712663257898,3.272156765118064,99.34951625923611,3.6500549520912267
RD_RateCapability_0074,2,18,CC_DChg,-0.3999665266666666,5.942949789791798,3.0633739480217983,99.84721883419212,3.351135334015151
RD_RateCapability_0074,2,20,CCCV_Chg,0.4999955399999999,4.7020884440444135,3.282358452605971,99.27394500460738,3.6500851580732183
RD_RateCapability_0074,2,22,CC_DChg,-0.4999663466666666,4.188021226507617,2.9905853299483836,99.84159371500981,3.3433186785879774
RD_RateCapability_0074,3,4,CCCV_Chg,0.1000017533333333,4.804533710449741,3.2262473536286915,99.32778051448355,3.455715333035527
RD_RateCapability_0074,3,6,CC_DChg,0.0,2.0772990621755887,2.944603724727036,99.19270070554795,3.2986115668127676
RD_RateCapability_0074,3,8,CCCV_Chg,0.1999958733333333,4.974076608018251,3.24505357082114,98.15148288807845,3.459737109251196
RD_RateCapability_0074,3,10,CC_DChg,-0.19996604,2.8224530225375846,2.958271333124152,99.1910003256627,3.279921980738203
RD_RateCapability_0074,3,12,CCCV_Chg,0.29999558,4.878155596596481,3.2584754029620444,97.8764801727126,3.4694872817254816
RD_RateCapability_0074,3,14,CC_DChg,-0.29996628,3.4320439675801238,2.9754291279860055,99.29303395832328,3.268644096120375
RD_RateCapability_0074,3,16,CCCV_Chg,0.3999959666666666,4.7998791779348124,3.271730842759775,97.26503268416059,3.4784338916551123
RD_RateCapability_0074,3,18,CC_DChg,0.0,4.924115501805882,3.056781016009208,99.29950554258767,3.256873897562305
RD_RateCapability_0074,3,20,CCCV_Chg,0.4999957533333333,4.724354195259726,3.281058319199396,99.33405996570144,3.6500765428483897
RD_RateCapability_0074,3,22,CC_DChg,-0.4999664333333333,6.0355360757538,3.05719381213421,99.83779976923493,3.3425544135099194
RD_RateCapability_0078,1,2,CC_DChg,-0.3333005333333333,4.193314979244491,2.987888264988429,99.31490768308917,3.2485864593373233
RD_RateCapability_0078,1,4,CCCV_Chg,0.10008634,4.711656523858105,3.2249867622169837,99.16261836381223,3.4526790091183597
RD_RateCapability_0078,1,6,CC_DChg,-0.09996724,2.168753790533786,2.947632144401933,99.18978219268259,3.2927571336888795
RD_RateCapability_0078,1,8,CCCV_Chg,0.2000072,4.868657262408822,3.2445939192532465,97.99421717829749,3.459840991876507
RD_RateCapability_0078,1,10,CC_DChg,-0.1999664533333333,2.94915156750568,2.96364650732629,99.19809159577581,3.2768071526097584
RD_RateCapability_0078,1,12,CCCV_Chg,0.3000045266666666,4.785225618154121,3.2584356159671555,97.50965921111415,3.468873739730668
RD_RateCapability_0078,1,14,CC_DChg,-0.29996694,3.68004477044749,2.9824592048543184,99.30568298165934,3.264068782185865
RD_RateCapability_0078,1,16,CCCV_Chg,0.4000061266666667,2.1007309317177083,3.137912091975329,97.19827546896089,3.4727999190739953
RD_RateCapability_0078,1,18,CC_DChg,-0.3999671933333333,5.7122464483487025,3.06282098955395,99.84161823987681,3.3474171830082025
RD_RateCapability_0078,1,20,CCCV_Chg,0.50001214,2.1875780701583487,3.1542135250147023,95.65722684053287,3.4650908630587614
RD_RateCapability_0078,1,22,CC_DChg,-0.4999662733333333,4.17742350097364,2.9739900700280812,99.44181239626928,3.233585831797357
RD_RateCapability_0078,2,4,CCCV_Chg,0.10000518,4.672474824494738,3.2250234411999887,99.24978400877282,3.450772387271985
RD_RateCapability_0078,2,6,CC_DChg,-0.0999661866666666,4.935309275283546,3.1285276798867976,99.19064647284418,3.2953788336371423
RD_RateCapability_0078,2,8,CCCV_Chg,0.19999602,2.0768314136663806,3.082692322295202,98.07416278311052,3.45463090494108
RD_RateCapability_0078,2,10,CC_DChg,0.0,2.799542834291861,2.96323644748027,99.19160817913802,3.278641201333104
RD_RateCapability_0078,2,12,CCCV_Chg,0.2999947266666666,4.800165584435772,3.2576461096366405,97.38893760579404,3.4698898353016663
RD_RateCapability_0078,2,14,CC_DChg,-0.2999666133333333,3.9409409329079184,2.987466011702255,99.3007322446453,3.2634292380549943
RD_RateCapability_0078,2,16,CCCV_Chg,0.40000208,4.6152905956295,3.271508955970449,99.21705728998677,3.6500493743626254
RD_RateCapability_0078,2,18,CC_DChg,-0.3999664799999999,4.298579891637014,2.9822713517513635,99.29904305233782,3.250825661332291
RD_RateCapability_0078,2,20,CCCV_Chg,0.4999950199999999,4.579427831658059,3.2845523954375735,99.11021635709966,3.6500549439249386
RD_RateCapability_0078,2,22,CC_DChg,-0.4999672533333333,4.30586811201858,2.964056040884285,99.32364629778719,3.2434761713640268
RD_RateCapability_0078,3,4,CCCV_Chg,0.1000218733333333,4.580550934284376,3.2251521096515767,99.23763421586148,3.456219328234565
RD_RateCapability_0078,3,6,CC_DChg,0.0,2.0713311962279755,2.948654824701874,99.18838117962486,3.2948115862368814
RD_RateCapability_0078,3,8,CCCV_Chg,0.1999995933333333,4.885501928304564,3.24033467039316,97.92603454728649,3.458012393732193
RD_RateCapability_0078,3,10,CC_DChg,-0.19996654,2.8016392839649744,2.9580312050767454,99.19309522842538,3.277253091671383
RD_RateCapability_0078,3,12,CCCV_Chg,0.29999634,2.0023500301584867,3.1036936203997936,97.49742724945824,3.465602077144054
RD_RateCapability_0078,3,14,CC_DChg,-0.29996614,3.4227165609950227,2.972664797176298,99.29944532698275,3.264394944369718
RD_RateCapability_0078,3,16,CCCV_Chg,0.3999948133333333,4.707011071562306,3.268659726507826,99.30999586244555,3.6500541854605206
RD_RateCapability_0078,3,18,CC_DChg,-0.39996622,4.046201368541644,2.9807823161072258,99.30025110821606,3.2530796319252504
RD_RateCapability_0078,3,20,CCCV_Chg,0.4999954,4.609039170310121,3.2823502011836467,99.17028436766763,3.6500730573414084
RD_RateCapability_0078,3,22,CC_DChg,-0.4999667533333333,4.28872829968703,2.968207886345627,99.32270281435302,3.2436936294534835
RD_RateCapability_0080,1,2,CC_DChg,-0.3333005866666667,4.173933661157349,2.9684515840900896,99.4216765537352,3.2635398332349035
RD_RateCapability_0080,1,4,CCCV_Chg,0.1000004066666666,4.827109589949699,3.232286171416322,98.98456048836725,3.4571414257355255
RD_RateCapability_0080,1,6,CC_DChg,-0.0999672866666666,2.3274573871532986,2.9589359797566828,99.18948289063563,3.299798756295806
RD_RateCapability_0080,1,8,CCCV_Chg,0.1999955733333333,2.0954597463290794,3.090441413606224,97.58465361976336,3.458739882503837
RD_RateCapability_0080,1,10,CC_DChg,-0.1999667333333333,3.178858222267413,2.976414079851197,99.20304960157179,3.2840391593608813
RD_RateCapability_0080,1,12,CCCV_Chg,0.2999987533333333,4.939393983529461,3.2662447840001336,96.88758059428312,3.4720348118023305
RD_RateCapability_0080,1,14,CC_DChg,-0.2999668533333333,4.17895094769244,2.9877903460281847,99.30483233650062,3.270547326566357
RD_RateCapability_0080,1,16,CCCV_Chg,0.4000011333333333,4.764113859659688,3.2788286166883505,96.1555428533043,3.479905718055101
RD_RateCapability_0080,1,18,CC_DChg,-0.39996682,4.427723477642877,2.982801362905227,99.30668109795768,3.2594382456306668
RD_RateCapability_0080,1,20,CCCV_Chg,0.4999969066666667,4.652114471689398,3.288590050526355,98.87455438492248,3.650069842705357
RD_RateCapability_0080,1,22,CC_DChg,0.0,4.572768464601008,2.972025970158875,99.31500628763222,3.2468855231155085
RD_RateCapability_0080,2,4,CCCV_Chg,0.1000058066666666,4.7431140179078595,3.2336139809491815,99.15959543345144,3.4573650255974515
RD_RateCapability_0080,2,6,CC_DChg,-0.0999667933333333,5.154825586319556,3.1309919999586273,99.18875769434973,3.3008523422185667
RD_RateCapability_0080,2,8,CCCV_Chg,0.1999953933333333,2.089114601789776,3.0888562031604803,97.96777247891914,3.459153355730199
RD_RateCapability_0080,2,10,CC_DChg,-0.1999661933333333,2.8231609089511416,2.965715613776428,99.20138951349011,3.285093048671394
RD_RateCapability_0080,2,12,CCCV_Chg,0.2999957933333333,4.964998703883053,3.2626662583346673,99.3200716464504,3.6500363842692805
RD_RateCapability_0080,2,14,CC_DChg,-0.2999663133333333,3.958973809147599,2.988246937424991,99.28833141834322,3.2735843813595213
RD_RateCapability_0080,2,16,CCCV_Chg,0.3999963,4.840891406491208,3.27785827021986,98.93949966955334,3.6500481690748026
RD_RateCapability_0080,2,18,CC_DChg,-0.3999668266666666,4.421360038955011,2.9872539484341214,99.30020744641186,3.258830865266313
RD_RateCapability_0080,2,20,CCCV_Chg,0.4999953133333333,4.739050668420972,3.288248571790444,98.86529889559064,3.650065107024285
RD_RateCapability_0080,2,22,CC_DChg,-0.4999666466666666,4.310482611427444,2.959804925769772,99.44314052170424,3.2528852675489146
RD_RateCapability_0080,3,4,CCCV_Chg,0.1000015466666666,4.824122812724157,3.233431055476035,99.15691634090003,3.452617612411444
RD_RateCapability_0080,3,6,CC_DChg,0.0,2.3228643316725957,2.962574318509491,99.19233244638959,3.302445199145657
RD_RateCapability_0080,3,8,CCCV_Chg,0.19999548,2.093961562946552,3.0890993868962324,97.51694234007005,3.4589077987389745
RD_RateCapability_0080,3,10,CC_DChg,-0.1999663933333333,3.0727029954442724,2.9689577861958107,99.20690594849164,3.284106950497277
RD_RateCapability_0080,3,12,CCCV_Chg,0.2999971933333333,2.246374564622137,3.125374702939276,97.00780979574954,3.4683240289889503
RD_RateCapability_0080,3,14,CC_DChg,-0.29996662,3.9179876732481365,2.989288462938456,99.30251781771668,3.2724793672600874
RD_RateCapability_0080,3,16,CCCV_Chg,0.3999951,4.832951735881474,3.2767885793699008,99.07626083744455,3.650047798091976
RD_RateCapability_0080,3,18,CC_DChg,-0.3999670133333333,4.679852807991513,2.9807787176782434,99.3020051379629,3.259980471861358
RD_RateCapability_0080,3,20,CCCV_Chg,0.4999954,4.637116414511489,3.2872931225024837,98.94871762104593,3.6500590593833317
RD_RateCapability_0080,3,22,CC_DChg,0.0,4.189394371070232,2.9575726797992226,99.4255925645116,3.255653682988539
RD_RateCapability_0087,1,2,CC_DChg,-0.3332996133333333,4.051904240701081,2.98352419307854,99.45109726225374,3.266386779182639
RD_RateCapability_0087,1,4,CCCV_Chg,0.0999981533333333,4.591389967173113,3.232156293530752,99.12757127699795,3.4489506117216675
RD_RateCapability_0087,1,6,CC_DChg,-0.09996674,2.06630962903654,2.9522831616487153,99.18281462699419,3.3029202859971267
RD_RateCapability_0087,1,8,CCCV_Chg,0.2000005,4.790121709243437,3.2508160574980196,98.02094902966118,3.4685967663346204
RD_RateCapability_0087,1,10,CC_DChg,-0.1999667733333333,2.811265674879748,2.9677841382024086,99.19242449314916,3.287041361830269
RD_RateCapability_0087,1,12,CCCV_Chg,0.3000091333333333,1.988303463879862,3.113437802711798,97.40870020295229,3.4761255709682546
RD_RateCapability_0087,1,14,CC_DChg,-0.2999664333333333,3.790863570717477,2.9953521124219438,99.19630646577569,3.274256797578383
RD_RateCapability_0087,1,16,CCCV_Chg,0.3999971266666666,4.551557730917463,3.2775766634079977,96.98935414334156,3.485875285046596
RD_RateCapability_0087,1,18,CC_DChg,-0.3999662933333333,4.055134948698776,2.994510650197788,99.20093956580818,3.262444998658555
RD_RateCapability_0087,1,20,CCCV_Chg,0.4999969066666667,4.476851367326678,3.2863703361359495,99.25600374493666,3.6500776681255074
RD_RateCapability_0087,1,22,CC_DChg,-0.49996644,4.045870743588712,2.9697006096973344,99.30979359732231,3.2561585550592462
RD_RateCapability_0087,2,4,CCCV_Chg,0.10000084,23.981825407167314,3.3290999900115508,99.12156937169539,3.4453282527537494
RD_RateCapability_0087,2,6,CC_DChg,-0.0999665466666666,2.060820173818406,2.955637240098717,99.18053414844567,3.3049778110065136
RD_RateCapability_0087,2,8,CCCV_Chg,0.19999586,4.745024674799658,3.245559383626958,98.39985001604043,3.4663796128719486
RD_RateCapability_0087,2,10,CC_DChg,-0.19996622,2.567714425482872,2.9639255078917506,99.18687915843888,3.288742908776685
RD_RateCapability_0087,2,12,CCCV_Chg,0.2999974199999999,2.075832280122488,3.1107957311581718,97.8577706553441,3.4709285063226063
RD_RateCapability_0087,2,14,CC_DChg,-0.2999664266666667,3.3247958774154704,2.977449930924874,99.19452074530938,3.274296352268717
RD_RateCapability_0087,2,16,CCCV_Chg,0.3999947666666666,4.655325564723256,3.2750202079996424,97.3440565737415,3.486471431352874
RD_RateCapability_0087,2,18,CC_DChg,-0.3999661066666667,3.806571511262311,2.9857747030606157,99.29426800495308,3.2644436788268534
RD_RateCapability_0087,2,20,CCCV_Chg,0.5000016466666667,4.492473820872944,3.285753140481118,99.26870399709442,3.650060810436809
RD_RateCapability_0087,2,22,CC_DChg,-0.4999669133333333,5.549480167139882,3.061119795083733,99.84453845014771,3.3522120589265003
RD_RateCapability_0087,3,4,CCCV_Chg,0.10076626,4.695456737329959,3.230529054167688,99.43246323868617,3.4592460534015146
RD_RateCapability_0087,3,6,CC_DChg,0.0,4.841958359430515,3.134985430755672,99.18347847268339,3.305095714412134
RD_RateCapability_0087,3,8,CCCV_Chg,0.1999959,4.755569015524991,3.2487500990997606,98.01263819150019,3.4665992620146286
RD_RateCapability_0087,3,10,CC_DChg,-0.19996712,2.5744291220053297,2.9567043085079603,99.18635635370998,3.287360481506493
RD_RateCapability_0087,3,12,CCCV_Chg,0.29999628,4.7643668633701015,3.2621247621705054,97.78003054428986,3.4767198424998305
RD_RateCapability_0087,3,14,CC_DChg,-0.2999664266666667,3.6801071522708573,2.9982049368457595,99.8463847270279,3.375714894376439
RD_RateCapability_0087,3,16,CCCV_Chg,0.3999953,2.0030278682408817,3.136965027559025,97.23855566845782,3.482093895103226
RD_RateCapability_0087,3,18,CC_DChg,0.0,3.948897837647157,2.9994697063123454,99.84487959211151,3.3641723645880384
RD_RateCapability_0087,3,20,CCCV_Chg,0.50000798,1.9993065430517185,3.1497365990615678,97.02104667525496,3.4891679162206426
RD_RateCapability_0087,3,22,CC_DChg,-0.4999665,5.795958978005949,3.0653358802227513,99.84188536633334,3.352080484111117
RD_RateCapability_0091,1,2,CC_DChg,-0.3332999733333333,4.416299924396586,2.9789653629527706,99.56365034318888,3.2451345094512924
RD_RateCapability_0091,1,4,CCCV_Chg,0.0999973933333333,4.867604107926957,3.235754058645897,98.86406290111512,3.4676907564292847
RD_RateCapability_0091,1,6,CC_DChg,-0.0999661266666666,2.4464850154015414,2.964886248145091,99.19848523933615,3.2967802918843705
RD_RateCapability_0091,1,8,CCCV_Chg,0.1999966333333333,2.1013596721213768,3.1032523974381467,97.35860056713341,3.4726314631196415
RD_RateCapability_0091,1,10,CC_DChg,-0.1999665266666666,3.2887170393215706,2.9755836923947108,99.29247742725781,3.280209627373648
RD_RateCapability_0091,1,12,CCCV_Chg,0.2999964466666667,2.103670592249438,3.128265301340382,96.54280565046592,3.4790456435394543
RD_RateCapability_0091,1,14,CC_DChg,-0.2999660733333333,4.062158931142415,2.9801162684248905,99.30739014104489,3.264766253188121
RD_RateCapability_0091,1,16,CCCV_Chg,0.3999979666666667,4.702704668008892,3.2871003852661707,99.18424244728685,3.650052034084749
RD_RateCapability_0091,1,18,CC_DChg,-0.3999669933333333,4.171347316966749,2.9749311661584317,99.30570566285098,3.2530653850747924
RD_RateCapability_0091,1,20,CCCV_Chg,0.4999953199999999,1.8960760552960034,3.152254460465773,95.14970019236644,3.489284732178482
RD_RateCapability_0091,1,22,CC_DChg,0.0,4.292873129507057,2.971376555644419,99.44281195900606,3.2428900602832225
RD_RateCapability_0091,2,4,CCCV_Chg,0.1000120733333333,4.840047814535376,3.236765016202415,99.05852695915603,3.463010875824574
RD_RateCapability_0091,2,6,CC_DChg,-0.0999673266666666,5.316163797342236,3.1260234546289043,99.19599750508455,3.297794264278488
RD_RateCapability_0091,2,8,CCCV_Chg,0.1999947733333333,4.902902784864245,3.256821979912052,97.76192555981748,3.471225012384124
RD_RateCapability_0091,2,10,CC_DChg,-0.1999672733333333,2.9463109687901823,2.9650538347705115,99.29704974185002,3.280966073905418
RD_RateCapability_0091,2,12,CCCV_Chg,0.2999996733333333,2.1104318381460683,3.1183171291043656,96.90404282948813,3.4764402544009916
RD_RateCapability_0091,2,14,CC_DChg,-0.2999671466666667,4.04949329367314,2.9814337210577273,99.30316407039048,3.2693584165305394
RD_RateCapability_0091,2,16,CCCV_Chg,0.3999947666666666,2.119069464371311,3.1477661930737564,95.89278432011237,3.483555683863488
RD_RateCapability_0091,2,18,CC_DChg,-0.39996712,4.0565094783654905,2.9732626601128724,99.30777768824426,3.2538919928219068
RD_RateCapability_0091,2,20,CCCV_Chg,0.4999948066666667,4.644027448384888,3.294863974216562,99.09561472635882,3.6500413949838832
RD_RateCapability_0091,2,22,CC_DChg,-0.4999673333333332,4.05735904965836,2.9580491893873875,99.32632081707885,3.2456277976011494
RD_RateCapability_0091,3,4,CCCV_Chg,0.0999978666666666,4.856466811561871,3.2347832423214795,99.0709787660945,3.4574625933295873
RD_RateCapability_0091,3,6,CC_DChg,0.0,2.4511367656006575,2.9680883195358874,99.19776679535984,3.299320981657161
RD_RateCapability_0091,3,8,CCCV_Chg,0.1999983,2.1015870212865746,3.099647712430228,97.27284729243773,3.468142264245957
RD_RateCapability_0091,3,10,CC_DChg,-0.1999660466666666,3.4507576719957043,2.977684544812471,99.30321563037836,3.279823985210198
RD_RateCapability_0091,3,12,CCCV_Chg,0.2999954999999999,4.810132759670079,3.273208720203838,99.28251526015794,3.6500219338080435
RD_RateCapability_0091,3,14,CC_DChg,-0.2999673066666666,3.8110272201076563,2.971102510462418,99.30017273107919,3.266932438655124
RD_RateCapability_0091,3,16,CCCV_Chg,0.3999956066666666,2.113589766035432,3.1472356464398623,96.05695164506234,3.4823098661835625
RD_RateCapability_0091,3,18,CC_DChg,-0.39996654,4.436020459611127,2.974902266643624,99.31573694710578,3.2542555169716034
RD_RateCapability_0091,3,20,CCCV_Chg,0.4999949533333334,4.6860942165685975,3.298232455041043,99.11750255777984,3.650069266901065
RD_RateCapability_0091,3,22,CC_DChg,0.0,4.183207030952796,2.9682802155318018,99.44181447439765,3.2466767511636654
